harvest_year,strip,section,plot,section_1926-67,fertilizer_code,crop,previous_crop,fym_factor_level,fym_applied,fym_date,castor_meal_factor_level,n_factor_level,n_timing,spring1_n_kg/ha,spring1_n_date,spring2_n_kg/ha,spring2_n_date,total_fertilizer_n_amount,p_factor_level,p_amount,p_date,k_factor_level,k_amount,k_date,na_factor_level,na_amount,na_date,mg_factor_level,mg_amount,mg_date,sow_date,harvest_date,cultivar,dry_matter_%,yield_100%dm,note
1997,1,3,1\3,II,FYM N4 PK,maize,oats,FYM,35,27-09-1996,nil,N4,mid_spring,192,23-04-1997,0,*,192,P,35,25-09-1996,K,90,25-09-1996,nil,0,*,nil,0,*,23-04-1997,17-09-1997,Hudson,36.7,16.36,2
1997,21,3,21\3,II,FYM N2,maize,oats,FYM,35,27-09-1996,nil,N2,mid_spring,96,23-04-1997,0,*,96,nil,0,*,nil,0,*,nil,0,*,nil,0,*,23-04-1997,17-09-1997,Hudson,35.8,17.45,"2,15"
1997,22,3,22\3,II,FYM,maize,oats,FYM,35,27-09-1996,nil,nil,*,0,*,0,*,0,nil,0,*,nil,0,*,nil,0,*,nil,0,*,23-04-1997,17-09-1997,Hudson,37.4,17.53,"2,15"
1997,3,3,3\3,II,Nil,maize,oats,nil,0,*,nil,nil,*,0,*,0,*,0,nil,0,*,nil,0,*,nil,0,*,nil,0,*,23-04-1997,17-09-1997,Hudson,31.7,3.64,2
1997,5,3,5\3,II,PKMg,maize,oats,nil,0,*,nil,nil,*,0,*,0,*,0,P,35,25-09-1996,K,90,25-09-1996,(Na),0,*,Mg,0,*,23-04-1997,17-09-1997,Hudson,31.3,4.8,"2,13"
1997,6,3,6\3,II,N1PKMg,maize,oats,nil,0,*,nil,N1,mid_spring,48,23-04-1997,0,*,48,P,35,25-09-1996,K,90,25-09-1996,(Na),0,*,Mg,0,*,23-04-1997,17-09-1997,Hudson,36.1,11.85,"2,13"
1997,7,3,7\3,II,N2PKMg,maize,oats,nil,0,*,nil,N2,mid_spring,96,23-04-1997,0,*,96,P,35,25-09-1996,K,90,25-09-1996,(Na),0,*,Mg,0,*,23-04-1997,17-09-1997,Hudson,39.2,14.86,"2,13"
1997,8,3,8\3,II,N3PKMg,maize,oats,nil,0,*,nil,N3,mid_spring,144,23-04-1997,0,*,144,P,35,25-09-1996,K,90,25-09-1996,(Na),0,*,Mg,0,*,23-04-1997,17-09-1997,Hudson,38.8,18.62,"2,13"
1997,9,3,9\3,II,N4PKMg,maize,oats,nil,0,*,nil,N4,mid_spring,192,23-04-1997,0,*,192,P,35,25-09-1996,K,90,25-09-1996,(Na),0,*,Mg,0,*,23-04-1997,17-09-1997,Hudson,41.3,18.5,"2,13"
1997,10,3,10\3,II,N2,maize,oats,nil,0,*,nil,N2,mid_spring,96,23-04-1997,0,*,96,nil,0,*,nil,0,*,nil,0,*,nil,0,*,23-04-1997,17-09-1997,Hudson,32,5.77,2
1997,11,3,11\3,II,N2P,maize,oats,nil,0,*,nil,N2,mid_spring,96,23-04-1997,0,*,96,P,35,25-09-1996,nil,0,*,nil,0,*,nil,0,*,23-04-1997,17-09-1997,Hudson,33.3,6.46,2
1997,12,3,12\3,II,N2PNa*,maize,oats,nil,0,*,nil,N2,mid_spring,96,23-04-1997,0,*,96,P,35,25-09-1996,nil,0,*,Na*,55,25-09-1996,nil,0,*,23-04-1997,17-09-1997,Hudson,35.3,8.73,2
1997,13,3,13\3,II,N2PK,maize,oats,nil,0,*,nil,N2,mid_spring,96,23-04-1997,0,*,96,P,35,25-09-1996,K,90,25-09-1996,nil,0,*,nil,0,*,23-04-1997,17-09-1997,Hudson,38.3,15.52,2
1997,14,3,14\3,II,N2PKMg*,maize,oats,nil,0,*,nil,N2,mid_spring,96,23-04-1997,0,*,96,P,35,25-09-1996,K,90,25-09-1996,nil,0,*,Mg*,30,25-09-1996,23-04-1997,17-09-1997,Hudson,39.1,14.97,2
1997,15,3,15\3,II,N5PKMg,maize,oats,nil,0,*,nil,N5,mid_spring,240,23-04-1997,0,*,240,P,35,25-09-1996,K,90,25-09-1996,(Na),0,*,Mg,0,*,23-04-1997,17-09-1997,Hudson,34.3,15.85,"2,13"
1997,16,3,16\3,II,N6PKMg,maize,oats,nil,0,*,nil,N6,mid_spring,288,23-04-1997,0,*,288,P,35,25-09-1996,K,90,25-09-1996,(Na),0,*,Mg,0,*,23-04-1997,17-09-1997,Hudson,38.9,18.72,"2,13"
1997,17,3,17\3,II,N0+3 1/2[PKMg],maize,oats,nil,0,*,nil,N3,mid_spring,144,23-04-1997,0,*,144,1/2 P,17.5,25-09-1996,1/2 K,45,25-09-1996,1/2 (Na),0,*,1/2 Mg,0,*,23-04-1997,17-09-1997,Hudson,36.3,15.81,"1,2"
1997,18,3,18\3,II,N1+3 1/2[PKMg],maize,oats,nil,0,*,nil,N3,mid_spring,144,23-04-1997,0,*,144,1/2 P,17.5,25-09-1996,1/2 K,45,25-09-1996,1/2 (Na),0,*,1/2 Mg,0,*,23-04-1997,17-09-1997,Hudson,36.5,16.35,"1,2"
1997,19,3,19\3,II,(C) ,maize,oats,nil,0,*,(C) ,nil,*,0,*,0,*,0,nil,0,*,nil,0,*,nil,0,*,nil,0,*,23-04-1997,17-09-1997,Hudson,33.2,5.44,2
1998,1,2,1\2,II,FYM N4 PK,maize,oats,FYM,35,14-10-1997,nil,N4,mid_spring,0,07-05-1998,0,*,192,P,35,13-10-1997,K,90,13-10-1997,nil,0,*,nil,0,*,07-05-1998,16-09-1998,Hudson,25.9,15.38,*
1998,21,2,21\2,II,FYM N2,maize,oats,FYM,35,14-10-1997,nil,N2,mid_spring,0,07-05-1998,0,*,96,nil,0,*,nil,0,*,nil,0,*,nil,0,*,07-05-1998,16-09-1998,Hudson,29.1,17.79,15
1998,22,2,22\2,II,FYM,maize,oats,FYM,35,14-10-1997,nil,nil,*,0,*,0,*,0,nil,0,*,nil,0,*,nil,0,*,nil,0,*,07-05-1998,16-09-1998,Hudson,30.2,14.91,16
1998,3,2,3\2,II,Nil,maize,oats,nil,0,*,nil,nil,*,0,*,0,*,0,nil,0,*,nil,0,*,nil,0,*,nil,0,*,07-05-1998,16-09-1998,Hudson,23.9,3.08,*
1998,5,2,5\2,II,PKMg,maize,oats,nil,0,*,nil,nil,*,0,*,0,*,0,P,35,13-10-1997,K,90,13-10-1997,(Na),0,*,Mg,30,13-10-1997,07-05-1998,16-09-1998,Hudson,26.9,4.29,"13,14"
1998,6,2,6\2,II,N1PKMg,maize,oats,nil,0,*,nil,N1,mid_spring,48,07-05-1998,0,*,48,P,35,13-10-1997,K,90,13-10-1997,(Na),0,*,Mg,30,13-10-1997,07-05-1998,16-09-1998,Hudson,27.6,9.52,"13,14"
1998,7,2,7\2,II,N2PKMg,maize,oats,nil,0,*,nil,N2,mid_spring,96,07-05-1998,0,*,96,P,35,13-10-1997,K,90,13-10-1997,(Na),0,*,Mg,30,13-10-1997,07-05-1998,16-09-1998,Hudson,28.5,13.53,"13,14"
1998,8,2,8\2,II,N3PKMg,maize,oats,nil,0,*,nil,N3,mid_spring,144,07-05-1998,0,*,144,P,35,13-10-1997,K,90,13-10-1997,(Na),0,*,Mg,30,13-10-1997,07-05-1998,16-09-1998,Hudson,26.2,11.83,"13,14"
1998,9,2,9\2,II,N4PKMg,maize,oats,nil,0,*,nil,N4,mid_spring,192,07-05-1998,0,*,192,P,35,13-10-1997,K,90,13-10-1997,(Na),0,*,Mg,30,13-10-1997,07-05-1998,16-09-1998,Hudson,24.4,13.31,"13,14"
1998,10,2,10\2,II,N2,maize,oats,nil,0,*,nil,N2,mid_spring,96,07-05-1998,0,*,96,nil,0,*,nil,0,*,nil,0,*,nil,0,*,07-05-1998,16-09-1998,Hudson,23.6,7.22,*
1998,11,2,11\2,II,N2P,maize,oats,nil,0,*,nil,N2,mid_spring,96,07-05-1998,0,*,96,P,35,13-10-1997,nil,0,*,nil,0,*,nil,0,*,07-05-1998,16-09-1998,Hudson,21.5,3.86,*
1998,12,2,12\2,II,N2PNa*,maize,oats,nil,0,*,nil,N2,mid_spring,96,07-05-1998,0,*,96,P,35,13-10-1997,nil,0,*,Na*,55,13-10-1997,nil,0,*,07-05-1998,16-09-1998,Hudson,24.1,6.27,*
1998,13,2,13\2,II,N2PK,maize,oats,nil,0,*,nil,N2,mid_spring,96,07-05-1998,0,*,96,P,35,13-10-1997,K,90,13-10-1997,nil,0,*,nil,0,*,07-05-1998,16-09-1998,Hudson,23.9,10.46,*
1998,14,2,14\2,II,N2PKMg*,maize,oats,nil,0,*,nil,N2,mid_spring,96,07-05-1998,0,*,96,P,35,13-10-1997,K,90,13-10-1997,nil,0,*,Mg*,30,13-10-1997,07-05-1998,16-09-1998,Hudson,20.7,8.22,*
1998,15,2,15\2,II,N5PKMg,maize,oats,nil,0,*,nil,N5,mid_spring,240,07-05-1998,0,*,240,P,35,13-10-1997,K,90,13-10-1997,(Na),0,*,Mg,30,13-10-1997,07-05-1998,16-09-1998,Hudson,21.2,11.02,"13,14"
1998,16,2,16\2,II,N6PKMg,maize,oats,nil,0,*,nil,N6,mid_spring,288,07-05-1998,0,*,288,P,35,13-10-1997,K,90,13-10-1997,(Na),0,*,Mg,30,13-10-1997,07-05-1998,16-09-1998,Hudson,20.2,11.13,"13,14"
1998,17,2,17\2,II,N1+3 1/2[PKMg],maize,oats,nil,0,*,nil,N3,mid_spring,144,07-05-1998,0,*,144,1/2 P,17.5,13-10-1997,1/2 K,45,13-10-1997,1/2 (Na),0,*,1/2 Mg,15,13-10-1997,07-05-1998,16-09-1998,Hudson,22.4,11.28,1
1998,18,2,18\2,II,N0+3 1/2[PKMg],maize,oats,nil,0,*,nil,N3,mid_spring,144,07-05-1998,0,*,144,1/2 P,17.5,13-10-1997,1/2 K,45,13-10-1997,1/2 (Na),0,*,1/2 Mg,15,13-10-1997,07-05-1998,16-09-1998,Hudson,21,11.08,1
1998,19,2,19\2,II,(C) ,maize,oats,nil,0,*,(C) ,nil,*,0,*,0,*,0,nil,0,*,nil,0,*,nil,0,*,nil,0,*,07-05-1998,16-09-1998,Hudson,21.5,2.68,*
1999,1,7,1\7,IV,FYM N4 PK,maize,oats,FYM,35,25-09-1998,nil,N4,mid_spring,0,05-05-1999,0,*,192,P,35,22-09-1998,K,90,23-09-1998,nil,0,*,nil,0,*,05-05-1999,20-09-1999,Hudson,30.1,20.15,*
1999,21,7,21\7,IV,FYM N2,maize,oats,FYM,35,25-09-1998,nil,N2,mid_spring,0,05-05-1999,0,*,96,nil,0,*,nil,0,*,nil,0,*,nil,0,*,05-05-1999,20-09-1999,Hudson,25.8,17.07,15
1999,22,7,22\7,IV,FYM,maize,oats,FYM,35,25-09-1998,nil,nil,*,0,*,0,*,0,nil,0,*,nil,0,*,nil,0,*,nil,0,*,05-05-1999,20-09-1999,Hudson,28.4,14.73,16
1999,3,7,3\7,IV,Nil,maize,oats,nil,0,*,nil,nil,*,0,*,0,*,0,nil,0,*,nil,0,*,nil,0,*,nil,0,*,05-05-1999,20-09-1999,Hudson,21.2,2.79,*
1999,5,7,5\7,IV,PKMg,maize,oats,nil,0,*,nil,nil,*,0,*,0,*,0,P,35,22-09-1998,K,90,23-09-1998,(Na),0,*,Mg,0,*,05-05-1999,20-09-1999,Hudson,20.4,1.94,13
1999,6,7,6\7,IV,N1PKMg,maize,oats,nil,0,*,nil,N1,mid_spring,48,05-05-1999,0,*,48,P,35,22-09-1998,K,90,23-09-1998,(Na),0,*,Mg,0,*,05-05-1999,20-09-1999,Hudson,23.1,5.65,13
1999,7,7,7\7,IV,N2PKMg,maize,oats,nil,0,*,nil,N2,mid_spring,96,05-05-1999,0,*,96,P,35,22-09-1998,K,90,23-09-1998,(Na),0,*,Mg,0,*,05-05-1999,20-09-1999,Hudson,23.8,11.62,13
1999,8,7,8\7,IV,N3PKMg,maize,oats,nil,0,*,nil,N3,mid_spring,144,05-05-1999,0,*,144,P,35,22-09-1998,K,90,23-09-1998,(Na),0,*,Mg,0,*,05-05-1999,20-09-1999,Hudson,26.1,14.83,13
1999,9,7,9\7,IV,N4PKMg,maize,oats,nil,0,*,nil,N4,mid_spring,192,05-05-1999,0,*,192,P,35,22-09-1998,K,90,23-09-1998,(Na),0,*,Mg,0,*,05-05-1999,20-09-1999,Hudson,25.7,16.81,13
1999,10,7,10\7,IV,N2,maize,oats,nil,0,*,nil,N2,mid_spring,96,05-05-1999,0,*,96,nil,0,*,nil,0,*,nil,0,*,nil,0,*,05-05-1999,20-09-1999,Hudson,25.6,7.63,*
1999,11,7,11\7,IV,N2P,maize,oats,nil,0,*,nil,N2,mid_spring,96,05-05-1999,0,*,96,P,35,22-09-1998,nil,0,*,nil,0,*,nil,0,*,05-05-1999,20-09-1999,Hudson,26.1,7.25,*
1999,12,7,12\7,IV,N2PNa*,maize,oats,nil,0,*,nil,N2,mid_spring,96,05-05-1999,0,*,96,P,35,22-09-1998,nil,0,*,Na*,55,23-09-1998,nil,0,*,05-05-1999,20-09-1999,Hudson,26.7,7.85,*
1999,13,7,13\7,IV,N2PK,maize,oats,nil,0,*,nil,N2,mid_spring,96,05-05-1999,0,*,96,P,35,22-09-1998,K,90,23-09-1998,nil,0,*,nil,0,*,05-05-1999,20-09-1999,Hudson,26,9.57,*
1999,14,7,14\7,IV,N2PKMg*,maize,oats,nil,0,*,nil,N2,mid_spring,96,05-05-1999,0,*,96,P,35,22-09-1998,K,90,23-09-1998,nil,0,*,Mg*,30,23-09-1998,05-05-1999,20-09-1999,Hudson,28.9,9.98,*
1999,15,7,15\7,IV,N5PKMg,maize,oats,nil,0,*,nil,N5,mid_spring,240,05-05-1999,0,*,240,P,35,22-09-1998,K,90,23-09-1998,(Na),0,*,Mg,0,*,05-05-1999,20-09-1999,Hudson,30.7,16.3,13
1999,16,7,16\7,IV,N6PKMg,maize,oats,nil,0,*,nil,N6,mid_spring,288,05-05-1999,0,*,288,P,35,22-09-1998,K,90,23-09-1998,(Na),0,*,Mg,0,*,05-05-1999,20-09-1999,Hudson,26.8,14.28,13
1999,17,7,17\7,IV,N0+3 1/2[PKMg],maize,oats,nil,0,*,nil,N3,mid_spring,144,05-05-1999,0,*,144,1/2 P,17.5,22-09-1998,1/2 K,45,23-09-1998,1/2 (Na),0,*,1/2 Mg,0,*,05-05-1999,20-09-1999,Hudson,28.5,15.2,1
1999,18,7,18\7,IV,N1+3 1/2[PKMg],maize,oats,nil,0,*,nil,N3,mid_spring,144,05-05-1999,0,*,144,1/2 P,17.5,22-09-1998,1/2 K,45,23-09-1998,1/2 (Na),0,*,1/2 Mg,0,*,05-05-1999,20-09-1999,Hudson,29.6,15.68,1
1999,19,7,19\7,IV,(C) ,maize,oats,nil,0,*,(C) ,nil,*,0,*,0,*,0,nil,0,*,nil,0,*,nil,0,*,nil,0,*,05-05-1999,20-09-1999,Hudson,23.8,3.1,*
2000,1,4,1\4,III,FYM N4 PK,maize,oats,FYM,35,24-09-1999,nil,N4,mid_spring,192,16-05-2000,0,*,192,P,35,23-09-1999,K,90,23-09-1999,nil,0,*,nil,0,*,16-05-2000,14-09-2000,Hudson,24.9,12.8,*
2000,21,4,21\4,III,FYM N2,maize,oats,FYM,35,24-09-1999,nil,N2,mid_spring,96,16-05-2000,0,*,96,nil,0,*,nil,0,*,nil,0,*,nil,0,*,16-05-2000,14-09-2000,Hudson,24,10.34,15
2000,22,4,22\4,III,FYM,maize,oats,FYM,35,24-09-1999,nil,nil,*,0,*,0,*,0,nil,0,*,nil,0,*,nil,0,*,nil,0,*,16-05-2000,14-09-2000,Hudson,23.2,9.7,16
2000,3,4,3\4,III,Nil,maize,oats,nil,0,*,nil,nil,*,0,*,0,*,0,nil,0,*,nil,0,*,nil,0,*,nil,0,*,16-05-2000,14-09-2000,Hudson,22,1.98,*
2000,5,4,5\4,III,PKMg,maize,oats,nil,0,*,nil,nil,*,0,*,0,*,0,P,35,23-09-1999,K,90,23-09-1999,(Na),0,*,Mg,0,*,16-05-2000,14-09-2000,Hudson,20.8,2.4,13
2000,6,4,6\4,III,N1PKMg,maize,oats,nil,0,*,nil,N1,mid_spring,48,16-05-2000,0,*,48,P,35,23-09-1999,K,90,23-09-1999,(Na),0,*,Mg,0,*,16-05-2000,14-09-2000,Hudson,24.8,6.05,13
2000,7,4,7\4,III,N2PKMg,maize,oats,nil,0,*,nil,N2,mid_spring,96,16-05-2000,0,*,96,P,35,23-09-1999,K,90,23-09-1999,(Na),0,*,Mg,0,*,16-05-2000,14-09-2000,Hudson,24.5,9.55,13
2000,8,4,8\4,III,N3PKMg,maize,oats,nil,0,*,nil,N3,mid_spring,144,16-05-2000,0,*,144,P,35,23-09-1999,K,90,23-09-1999,(Na),0,*,Mg,0,*,16-05-2000,14-09-2000,Hudson,24.3,10.78,13
2000,9,4,9\4,III,N4PKMg,maize,oats,nil,0,*,nil,N4,mid_spring,192,16-05-2000,0,*,192,P,35,23-09-1999,K,90,23-09-1999,(Na),0,*,Mg,0,*,16-05-2000,14-09-2000,Hudson,23.6,10.77,13
2000,10,4,10\4,III,N2,maize,oats,nil,0,*,nil,N2,mid_spring,96,16-05-2000,0,*,96,nil,0,*,nil,0,*,nil,0,*,nil,0,*,16-05-2000,14-09-2000,Hudson,20.9,3.99,*
2000,11,4,11\4,III,N2P,maize,oats,nil,0,*,nil,N2,mid_spring,96,16-05-2000,0,*,96,P,35,23-09-1999,nil,0,*,nil,0,*,nil,0,*,16-05-2000,14-09-2000,Hudson,24.3,5.83,*
2000,12,4,12\4,III,N2PNa*,maize,oats,nil,0,*,nil,N2,mid_spring,96,16-05-2000,0,*,96,P,35,23-09-1999,nil,0,*,Na*,55,23-09-1999,nil,0,*,16-05-2000,14-09-2000,Hudson,24.1,6.34,*
2000,13,4,13\4,III,N2PK,maize,oats,nil,0,*,nil,N2,mid_spring,96,16-05-2000,0,*,96,P,35,23-09-1999,K,90,23-09-1999,nil,0,*,nil,0,*,16-05-2000,14-09-2000,Hudson,26.3,9.27,*
2000,14,4,14\4,III,N2PKMg*,maize,oats,nil,0,*,nil,N2,mid_spring,96,16-05-2000,0,*,96,P,35,23-09-1999,K,90,23-09-1999,nil,0,*,Mg*,30,23-09-1999,16-05-2000,14-09-2000,Hudson,27.1,10.63,*
2000,15,4,15\4,III,N5PKMg,maize,oats,nil,0,*,nil,N5,mid_spring,240,16-05-2000,0,*,240,P,35,23-09-1999,K,90,23-09-1999,(Na),0,*,Mg,0,*,16-05-2000,14-09-2000,Hudson,22.2,11.77,13
2000,16,4,16\4,III,N6PKMg,maize,oats,nil,0,*,nil,N6,mid_spring,288,16-05-2000,0,*,288,P,35,23-09-1999,K,90,23-09-1999,(Na),0,*,Mg,0,*,16-05-2000,14-09-2000,Hudson,23.3,13.75,13
2000,17,4,17\4,III,N0+3 1/2[PKMg],maize,oats,nil,0,*,nil,N3,mid_spring,144,16-05-2000,0,*,144,1/2 P,17.5,23-09-1999,1/2 K,45,23-09-1999,1/2 (Na),0,*,1/2 Mg,0,*,16-05-2000,14-09-2000,Hudson,23,10.89,1
2000,18,4,18\4,III,N1+3 1/2[PKMg],maize,oats,nil,0,*,nil,N3,mid_spring,144,16-05-2000,0,*,144,1/2 P,17.5,23-09-1999,1/2 K,45,23-09-1999,1/2 (Na),0,*,1/2 Mg,0,*,16-05-2000,14-09-2000,Hudson,23.9,10.6,1
2000,19,4,19\4,III,(C) ,maize,oats,nil,0,*,(C) ,nil,*,0,*,0,*,0,nil,0,*,nil,0,*,nil,0,*,nil,0,*,16-05-2000,14-09-2000,Hudson,22.5,2.97,*
2001,1,5,1\5,III,(FYM) N4 ,maize,oats,(FYM),0,*,nil,N4,mid_spring,192,31-05-2001,0,*,192,nil,0,*,nil,0,*,nil,0,*,nil,0,*,21-05-2001,10-09-2001,Hudson,25.7,13.67,7
2001,21,5,21\5,III,FYM N2,maize,oats,FYM,35,04-10-2000,nil,N2,mid_spring,96,31-05-2001,0,*,96,nil,0,*,nil,0,*,nil,0,*,nil,0,*,21-05-2001,10-09-2001,Hudson,28,13.54,15
2001,22,5,22\5,III,FYM,maize,oats,FYM,35,04-10-2000,nil,nil,*,0,*,0,*,0,nil,0,*,nil,0,*,nil,0,*,nil,0,*,21-05-2001,10-09-2001,Hudson,25.9,9.43,16
2001,3,5,3\5,III,Nil,maize,oats,nil,0,*,nil,nil,*,0,*,0,*,0,nil,0,*,nil,0,*,nil,0,*,nil,0,*,21-05-2001,10-09-2001,Hudson,20.7,2.29,*
2001,5,5,5\5,III,(P)KMg,maize,oats,nil,0,*,nil,nil,*,0,*,0,*,0,(P),0,*,K,90,04-10-2000,(Na),0,*,Mg,12,04-10-2000,21-05-2001,10-09-2001,Hudson,21.1,1.71,*
2001,6,5,6\5,III,N1(P)KMg,maize,oats,nil,0,*,nil,N1,mid_spring,48,31-05-2001,0,*,48,(P),0,*,K,90,04-10-2000,(Na),0,*,Mg,12,04-10-2000,21-05-2001,10-09-2001,Hudson,24.4,7.57,*
2001,7,5,7\5,III,N2(P)KMg,maize,oats,nil,0,*,nil,N2,mid_spring,96,31-05-2001,0,*,96,(P),0,*,K,90,04-10-2000,(Na),0,*,Mg,12,04-10-2000,21-05-2001,10-09-2001,Hudson,25.3,11.8,*
2001,8,5,8\5,III,N3(P)KMg,maize,oats,nil,0,*,nil,N3,mid_spring,144,31-05-2001,0,*,144,(P),0,*,K,90,04-10-2000,(Na),0,*,Mg,12,04-10-2000,21-05-2001,10-09-2001,Hudson,22,10.27,*
2001,9,5,9\5,III,N4(P)KMg,maize,oats,nil,0,*,nil,N4,mid_spring,192,31-05-2001,0,*,192,(P),0,*,K,90,04-10-2000,(Na),0,*,Mg,12,04-10-2000,21-05-2001,10-09-2001,Hudson,19,7.96,*
2001,10,5,10\5,III,N4,maize,oats,nil,0,*,nil,N4,mid_spring,192,31-05-2001,0,*,192,nil,0,*,nil,0,*,nil,0,*,nil,0,*,21-05-2001,10-09-2001,Hudson,18.3,2.73,4
2001,11,5,11\5,III,N4PMg,maize,oats,nil,0,*,nil,N4,mid_spring,192,31-05-2001,0,*,192,P,35,02-10-2000,nil,0,*,nil,0,*,Mg,12,04-10-2000,21-05-2001,10-09-2001,Hudson,16.9,4.11,4
2001,12,5,12\5,III,N1+3+1(P)K2Mg2,maize,oats,nil,0,*,nil,N2+3,mid_&_late_spring,96,31-05-2001,144,25-06-2001,240,(P),0,*,K2,630,04-10-2000,(Na*),0,*,Mg2,84,04-10-2000,21-05-2001,10-09-2001,Hudson,19,6.8,3
2001,13,5,13\5,III,N4PK,maize,oats,nil,0,*,nil,N4,mid_spring,192,31-05-2001,0,*,192,P,35,02-10-2000,K,90,04-10-2000,nil,0,*,nil,0,*,21-05-2001,10-09-2001,Hudson,18,6.77,4
2001,14,5,14\5,III,N4PK*(Mg*),maize,oats,nil,0,*,nil,N4,mid_spring,192,31-05-2001,0,*,192,P,35,02-10-2000,K*,90,04-10-2000,nil,0,*,(Mg*),0,*,21-05-2001,10-09-2001,Hudson,19.2,8.84,4
2001,15,5,15\5,III,N5(P)KMg,maize,oats,nil,0,*,nil,N5,mid_spring,240,31-05-2001,0,*,240,(P),0,*,K,90,04-10-2000,(Na),0,*,Mg,12,04-10-2000,21-05-2001,10-09-2001,Hudson,16.9,6.43,*
2001,16,5,16\5,III,N6(P)KMg,maize,oats,nil,0,*,nil,N6,mid_spring,288,31-05-2001,0,*,288,(P),0,*,K,90,04-10-2000,(Na),0,*,Mg,12,04-10-2000,21-05-2001,10-09-2001,Hudson,18.7,7.76,*
2001,17,5,17\5,III,N1+4+1 PKMg,maize,oats,nil,0,*,nil,N2+4,mid_&_late_spring,96,31-05-2001,192,25-06-2001,288,P,35,02-10-2000,K,90,04-10-2000,1/2 (Na),0,*,Mg,12,04-10-2000,21-05-2001,10-09-2001,Hudson,17.6,6.45,5
2001,18,5,18\5,III,N1+2+1 PKMg,maize,oats,nil,0,*,nil,N2+2,mid_&_late_spring,96,31-05-2001,96,25-06-2001,192,P,35,02-10-2000,K,90,04-10-2000,1/2 (Na),0,*,Mg,12,04-10-2000,21-05-2001,10-09-2001,Hudson,19.1,7.42,5
2001,19,5,19\5,III,N1+1+1 KMg,maize,oats,nil,0,*,nil,N2+1,mid_&_late_spring,96,31-05-2001,48,25-06-2001,144,nil,0,*,K,90,04-10-2000,nil,0,*,Mg,12,04-10-2000,21-05-2001,10-09-2001,Hudson,19,5.2,6
2002,1,3,1\3,II,(FYM) N4 ,maize,oats,(FYM),0,*,nil,N4,mid_spring,192,02-05-2002,0,*,192,nil,0,*,nil,0,*,nil,0,*,nil,0,*,03-05-2002,11-09-2002,Hudson,26.9,10.65,*
2002,21,3,21\3,II,FYM N2,maize,oats,FYM,35,12-09-2001,nil,N2,mid_spring,96,02-05-2002,0,*,96,nil,0,*,nil,0,*,nil,0,*,nil,0,*,03-05-2002,11-09-2002,Hudson,25.1,7.68,15
2002,22,3,22\3,II,FYM,maize,oats,FYM,35,12-09-2001,nil,nil,*,0,*,0,*,0,nil,0,*,nil,0,*,nil,0,*,nil,0,*,03-05-2002,11-09-2002,Hudson,24.9,8.41,16
2002,3,3,3\3,II,Nil,maize,oats,nil,0,*,nil,nil,*,0,*,0,*,0,nil,0,*,nil,0,*,nil,0,*,nil,0,*,03-05-2002,11-09-2002,Hudson,21.7,2.53,*
2002,5,3,5\3,II,(P)KMg,maize,oats,nil,0,*,nil,nil,*,0,*,0,*,0,(P),0,*,K,90,07-02-2002,(Na),0,*,Mg,12,08-03-2002,03-05-2002,11-09-2002,Hudson,22.8,1.94,*
2002,6,3,6\3,II,N1(P)KMg,maize,oats,nil,0,*,nil,N1,mid_spring,48,02-05-2002,0,*,48,(P),0,*,K,90,07-02-2002,(Na),0,*,Mg,12,08-03-2002,03-05-2002,11-09-2002,Hudson,26.3,8.82,*
2002,7,3,7\3,II,N2(P)KMg,maize,oats,nil,0,*,nil,N2,mid_spring,96,02-05-2002,0,*,96,(P),0,*,K,90,07-02-2002,(Na),0,*,Mg,12,08-03-2002,03-05-2002,11-09-2002,Hudson,26.8,10.7,*
2002,8,3,8\3,II,N3(P)KMg,maize,oats,nil,0,*,nil,N3,mid_spring,144,02-05-2002,0,*,144,(P),0,*,K,90,07-02-2002,(Na),0,*,Mg,12,08-03-2002,03-05-2002,11-09-2002,Hudson,26.6,12.41,*
2002,9,3,9\3,II,N4(P)KMg,maize,oats,nil,0,*,nil,N4,mid_spring,192,02-05-2002,0,*,192,(P),0,*,K,90,07-02-2002,(Na),0,*,Mg,12,08-03-2002,03-05-2002,11-09-2002,Hudson,26.2,13.6,*
2002,10,3,10\3,II,N4,maize,oats,nil,0,*,nil,N4,mid_spring,192,02-05-2002,0,*,192,nil,0,*,nil,0,*,nil,0,*,nil,0,*,03-05-2002,11-09-2002,Hudson,19.4,0.67,*
2002,11,3,11\3,II,N4PMg,maize,oats,nil,0,*,nil,N4,mid_spring,192,02-05-2002,0,*,192,P,35,12-09-2001,nil,0,*,nil,0,*,Mg,12,08-03-2002,03-05-2002,11-09-2002,Hudson,24.5,4.6,*
2002,12,3,12\3,II,N1+3+1(P)K2Mg2,maize,oats,nil,0,*,nil,N2+3,mid_&_late_spring,96,02-05-2002,144,23-05-2002,240,(P),0,*,K2,180,07-02-2002,(Na*),0,*,Mg2,24,08-03-2002,03-05-2002,11-09-2002,Hudson,27.2,12.05,*
2002,13,3,13\3,II,N4PK,maize,oats,nil,0,*,nil,N4,mid_spring,192,02-05-2002,0,*,192,P,35,12-09-2001,K,90,07-02-2002,nil,0,*,nil,0,*,03-05-2002,11-09-2002,Hudson,26.2,12.37,*
2002,14,3,14\3,II,N4PK*(Mg*),maize,oats,nil,0,*,nil,N4,mid_spring,192,02-05-2002,0,*,192,P,35,12-09-2001,K*,90,12-09-2001,nil,0,*,(Mg*),0,*,03-05-2002,11-09-2002,Hudson,26.8,13.45,*
2002,15,3,15\3,II,N5(P)KMg,maize,oats,nil,0,*,nil,N5,mid_spring,240,02-05-2002,0,*,240,(P),0,*,K,90,07-02-2002,(Na),0,*,Mg,12,08-03-2002,03-05-2002,11-09-2002,Hudson,26.8,12.77,*
2002,16,3,16\3,II,N6(P)KMg,maize,oats,nil,0,*,nil,N6,mid_spring,288,02-05-2002,0,*,288,(P),0,*,K,90,07-02-2002,(Na),0,*,Mg,12,08-03-2002,03-05-2002,11-09-2002,Hudson,24.9,12.73,*
2002,17,3,17\3,II,N1+4+1 PKMg,maize,oats,nil,0,*,nil,N2+4,mid_&_late_spring,96,02-05-2002,192,23-05-2002,288,P,35,12-09-2001,K,90,07-02-2002,1/2 (Na),0,*,Mg,12,08-03-2002,03-05-2002,11-09-2002,Hudson,25.7,11.94,*
2002,18,3,18\3,II,N1+2+1 PKMg,maize,oats,nil,0,*,nil,N2+2,mid_&_late_spring,96,02-05-2002,96,23-05-2002,192,P,35,12-09-2001,K,90,07-02-2002,1/2 (Na),0,*,Mg,12,08-03-2002,03-05-2002,11-09-2002,Hudson,26.1,11.23,*
2002,19,3,19\3,II,N1+1+1 KMg,maize,oats,nil,0,*,nil,N2+1,mid_&_late_spring,96,02-05-2002,48,23-05-2002,144,nil,0,*,K,90,07-02-2002,nil,0,*,Mg,12,08-03-2002,03-05-2002,11-09-2002,Hudson,26.4,6.16,*
2003,1,2,1\2,II,(FYM) N4 ,maize,oats,(FYM),0,*,nil,N4,mid_spring,192,07-05-2003,0,*,192,nil,0,*,nil,0,*,nil,0,*,nil,0,*,08-05-2003,20-08-2003,Hudson,26,8.57,*
2003,21,2,21\2,II,FYM N2,maize,oats,FYM,35,02-10-2002,nil,N2,mid_spring,96,07-05-2003,0,*,96,nil,0,*,nil,0,*,nil,0,*,nil,0,*,08-05-2003,20-08-2003,Hudson,26.6,10.62,15
2003,22,2,22\2,II,FYM,maize,oats,FYM,35,02-10-2002,nil,nil,*,0,*,0,*,0,nil,0,*,nil,0,*,nil,0,*,nil,0,*,08-05-2003,20-08-2003,Hudson,28,9.97,16
2003,3,2,3\2,II,Nil,maize,oats,nil,0,*,nil,nil,*,0,*,0,*,0,nil,0,*,nil,0,*,nil,0,*,nil,0,*,08-05-2003,20-08-2003,Hudson,24.9,2.1,*
2003,5,2,5\2,II,(P)KMg,maize,oats,nil,0,*,nil,nil,*,0,*,0,*,0,(P),0,*,K,90,20-02-2003,(Na),0,*,Mg,12,19-02-2003,08-05-2003,20-08-2003,Hudson,24,3.85,*
2003,6,2,6\2,II,N1(P)KMg,maize,oats,nil,0,*,nil,N1,mid_spring,48,07-05-2003,0,*,48,(P),0,*,K,90,20-02-2003,(Na),0,*,Mg,12,19-02-2003,08-05-2003,20-08-2003,Hudson,26.9,6.49,*
2003,7,2,7\2,II,N2(P)KMg,maize,oats,nil,0,*,nil,N2,mid_spring,96,07-05-2003,0,*,96,(P),0,*,K,90,20-02-2003,(Na),0,*,Mg,12,19-02-2003,08-05-2003,20-08-2003,Hudson,26.8,7.27,*
2003,8,2,8\2,II,N3(P)KMg,maize,oats,nil,0,*,nil,N3,mid_spring,144,07-05-2003,0,*,144,(P),0,*,K,90,20-02-2003,(Na),0,*,Mg,12,19-02-2003,08-05-2003,20-08-2003,Hudson,27.8,7.32,*
2003,9,2,9\2,II,N4(P)KMg,maize,oats,nil,0,*,nil,N4,mid_spring,192,07-05-2003,0,*,192,(P),0,*,K,90,20-02-2003,(Na),0,*,Mg,12,19-02-2003,08-05-2003,20-08-2003,Hudson,27.9,9.07,*
2003,10,2,10\2,II,N4,maize,oats,nil,0,*,nil,N4,mid_spring,192,07-05-2003,0,*,192,nil,0,*,nil,0,*,nil,0,*,nil,0,*,08-05-2003,20-08-2003,Hudson,21.2,1.88,*
2003,11,2,11\2,II,N4PMg,maize,oats,nil,0,*,nil,N4,mid_spring,192,07-05-2003,0,*,192,P,35,01-10-2002,nil,0,*,nil,0,*,Mg,12,19-02-2003,08-05-2003,20-08-2003,Hudson,25.1,4.87,*
2003,12,2,12\2,II,N1+3+1(P)K2Mg2,maize,oats,nil,0,*,nil,N2+3,mid_&_late_spring,96,07-05-2003,144,12-06-2003,240,(P),0,*,K2,180,20-02-2003,(Na*),0,*,Mg2,24,19-02-2003,08-05-2003,20-08-2003,Hudson,27.2,7.92,*
2003,13,2,13\2,II,N4PK,maize,oats,nil,0,*,nil,N4,mid_spring,192,07-05-2003,0,*,192,P,35,01-10-2002,K,90,20-02-2003,nil,0,*,nil,0,*,08-05-2003,20-08-2003,Hudson,27.4,8.43,*
2003,14,2,14\2,II,N4PK*(Mg*),maize,oats,nil,0,*,nil,N4,mid_spring,192,07-05-2003,0,*,192,P,35,01-10-2002,K*,90,01-10-2002,nil,0,*,(Mg*),0,*,08-05-2003,20-08-2003,Hudson,28,8.35,*
2003,15,2,15\2,II,N5(P)KMg,maize,oats,nil,0,*,nil,N5,mid_spring,240,07-05-2003,0,*,240,(P),0,*,K,90,20-02-2003,(Na),0,*,Mg,12,19-02-2003,08-05-2003,20-08-2003,Hudson,27.6,8.23,*
2003,16,2,16\2,II,N6(P)KMg,maize,oats,nil,0,*,nil,N6,mid_spring,288,07-05-2003,0,*,288,(P),0,*,K,90,20-02-2003,(Na),0,*,Mg,12,19-02-2003,08-05-2003,20-08-2003,Hudson,26.3,8.56,*
2003,17,2,17\2,II,N1+4+1 PKMg,maize,oats,nil,0,*,nil,N2+4,mid_&_late_spring,96,07-05-2003,192,12-06-2003,288,P,35,01-10-2002,K,90,20-02-2003,1/2 (Na),0,*,Mg,12,19-02-2003,08-05-2003,20-08-2003,Hudson,25.6,7.57,*
2003,18,2,18\2,II,N1+2+1 PKMg,maize,oats,nil,0,*,nil,N2+2,mid_&_late_spring,96,07-05-2003,96,12-06-2003,192,P,35,01-10-2002,K,90,20-02-2003,1/2 (Na),0,*,Mg,12,19-02-2003,08-05-2003,20-08-2003,Hudson,25.5,7.36,*
2003,19,2,19\2,II,N1+1+1 KMg,maize,oats,nil,0,*,nil,N2+1,mid_&_late_spring,96,07-05-2003,48,12-06-2003,144,nil,0,*,K,90,20-02-2003,nil,0,*,Mg,12,19-02-2003,08-05-2003,20-08-2003,Hudson,27.2,7.07,*
2004,1,7,1\7,IV,(FYM) N4 ,maize,oats,(FYM),0,*,nil,N4,mid_spring,192,13-05-2004,0,*,192,nil,0,*,nil,0,*,nil,0,*,nil,0,*,20-05-2004,20-09-2004,Hudson,31.5,23.13,*
2004,21,7,21\7,IV,FYM N2,maize,oats,FYM,35,25-09-2003,nil,N2,mid_spring,96,13-05-2004,0,*,96,nil,0,*,nil,0,*,nil,0,*,nil,0,*,20-05-2004,20-09-2004,Hudson,30.1,17.55,15
2004,22,7,22\7,IV,FYM,maize,oats,FYM,35,25-09-2003,nil,nil,*,0,*,0,*,0,nil,0,*,nil,0,*,nil,0,*,nil,0,*,20-05-2004,20-09-2004,Hudson,31.8,16.78,16
2004,3,7,3\7,IV,Nil,maize,oats,nil,0,*,nil,nil,*,0,*,0,*,0,nil,0,*,nil,0,*,nil,0,*,nil,0,*,20-05-2004,20-09-2004,Hudson,22.8,1.56,*
2004,5,7,5\7,IV,(P)KMg,maize,oats,nil,0,*,nil,nil,*,0,*,0,*,0,(P),0,*,K,90,23-02-2004,(Na),0,*,Mg,12,23-02-2004,20-05-2004,20-09-2004,Hudson,20.9,0.97,*
2004,6,7,6\7,IV,N1(P)KMg,maize,oats,nil,0,*,nil,N1,mid_spring,48,13-05-2004,0,*,48,(P),0,*,K,90,23-02-2004,(Na),0,*,Mg,12,23-02-2004,20-05-2004,20-09-2004,Hudson,25.5,3.27,*
2004,7,7,7\7,IV,N2(P)KMg,maize,oats,nil,0,*,nil,N2,mid_spring,96,13-05-2004,0,*,96,(P),0,*,K,90,23-02-2004,(Na),0,*,Mg,12,23-02-2004,20-05-2004,20-09-2004,Hudson,27.8,11.97,*
2004,8,7,8\7,IV,N3(P)KMg,maize,oats,nil,0,*,nil,N3,mid_spring,144,13-05-2004,0,*,144,(P),0,*,K,90,23-02-2004,(Na),0,*,Mg,12,23-02-2004,20-05-2004,20-09-2004,Hudson,28.7,15.13,*
2004,9,7,9\7,IV,N4(P)KMg,maize,oats,nil,0,*,nil,N4,mid_spring,192,13-05-2004,0,*,192,(P),0,*,K,90,23-02-2004,(Na),0,*,Mg,12,23-02-2004,20-05-2004,20-09-2004,Hudson,30.2,16.12,*
2004,10,7,10\7,IV,N4,maize,oats,nil,0,*,nil,N4,mid_spring,192,13-05-2004,0,*,192,nil,0,*,nil,0,*,nil,0,*,nil,0,*,20-05-2004,20-09-2004,Hudson,22.6,5.33,*
2004,11,7,11\7,IV,N4PMg,maize,oats,nil,0,*,nil,N4,mid_spring,192,13-05-2004,0,*,192,P,35,23-09-2003,nil,0,*,nil,0,*,Mg,12,23-02-2004,20-05-2004,20-09-2004,Hudson,27.4,9.31,*
2004,12,7,12\7,IV,N1+3+1(P)K2Mg2,maize,oats,nil,0,*,nil,N2+3,mid_&_late_spring,96,13-05-2004,144,17-06-2004,240,(P),0,*,K2,180,23-02-2004,(Na*),0,*,Mg2,24,23-02-2004,20-05-2004,20-09-2004,Hudson,27,13.67,*
2004,13,7,13\7,IV,N4PK,maize,oats,nil,0,*,nil,N4,mid_spring,192,13-05-2004,0,*,192,P,35,23-09-2003,K,90,23-02-2004,nil,0,*,nil,0,*,20-05-2004,20-09-2004,Hudson,28,13.65,*
2004,14,7,14\7,IV,N4PK*(Mg*),maize,oats,nil,0,*,nil,N4,mid_spring,192,13-05-2004,0,*,192,P,35,23-09-2003,K*,90,23-09-2003,nil,0,*,(Mg*),0,*,20-05-2004,20-09-2004,Hudson,29.1,13.77,*
2004,15,7,15\7,IV,N5(P)KMg,maize,oats,nil,0,*,nil,N5,mid_spring,240,13-05-2004,0,*,240,(P),0,*,K,90,23-02-2004,(Na),0,*,Mg,12,23-02-2004,20-05-2004,20-09-2004,Hudson,27.7,13.67,*
2004,16,7,16\7,IV,N6(P)KMg,maize,oats,nil,0,*,nil,N6,mid_spring,288,13-05-2004,0,*,288,(P),0,*,K,90,23-02-2004,(Na),0,*,Mg,12,23-02-2004,20-05-2004,20-09-2004,Hudson,28.5,13.6,*
2004,17,7,17\7,IV,N1+4+1 PKMg,maize,oats,nil,0,*,nil,N2+4,mid_&_late_spring,96,13-05-2004,192,17-06-2004,288,P,35,23-09-2003,K,90,23-02-2004,1/2 (Na),0,*,Mg,12,23-02-2004,20-05-2004,20-09-2004,Hudson,28.3,13.01,*
2004,18,7,18\7,IV,N1+2+1 PKMg,maize,oats,nil,0,*,nil,N2+2,mid_&_late_spring,96,13-05-2004,96,17-06-2004,192,P,35,23-09-2003,K,90,23-02-2004,1/2 (Na),0,*,Mg,12,23-02-2004,20-05-2004,20-09-2004,Hudson,31.6,16.89,*
2004,19,7,19\7,IV,N1+1+1 KMg,maize,oats,nil,0,*,nil,N2+1,mid_&_late_spring,96,13-05-2004,48,17-06-2004,144,nil,0,*,K,90,23-02-2004,nil,0,*,Mg,12,23-02-2004,20-05-2004,20-09-2004,Hudson,22.8,5.86,*
2005,1,4,1\4,III,(FYM) N4 ,maize,oats,(FYM),0,*,nil,N4,mid_spring,192,29-04-2005,0,*,192,nil,0,*,nil,0,*,nil,0,*,nil,0,*,05-05-2005,22-09-2005,Hudson,31.8,20.09,*
2005,21,4,21\4,III,FYM N3,maize,oats,FYM,35,18-10-2004,nil,N3,mid_spring,144,29-04-2005,0,*,144,nil,0,*,nil,0,*,nil,0,*,nil,0,*,05-05-2005,22-09-2005,Hudson,36.5,22.26,"8,15"
2005,22,4,22\4,III,FYM,maize,oats,FYM,35,18-10-2004,nil,nil,*,0,*,0,*,0,nil,0,*,nil,0,*,nil,0,*,nil,0,*,05-05-2005,22-09-2005,Hudson,26.8,14.02,16
2005,3,4,3\4,III,Nil,maize,oats,nil,0,*,nil,nil,*,0,*,0,*,0,nil,0,*,nil,0,*,nil,0,*,nil,0,*,05-05-2005,22-09-2005,Hudson,27.8,2.65,*
2005,5,4,5\4,III,(P)KMg,maize,oats,nil,0,*,nil,nil,*,0,*,0,*,0,(P),0,*,K,90,15-03-2005,(Na),0,*,Mg,12,15-03-2005,05-05-2005,22-09-2005,Hudson,27.1,3.21,*
2005,6,4,6\4,III,N1(P)KMg,maize,oats,nil,0,*,nil,N1,mid_spring,48,29-04-2005,0,*,48,(P),0,*,K,90,15-03-2005,(Na),0,*,Mg,12,15-03-2005,05-05-2005,22-09-2005,Hudson,28.7,9.88,*
2005,7,4,7\4,III,N2(P)KMg,maize,oats,nil,0,*,nil,N2,mid_spring,96,29-04-2005,0,*,96,(P),0,*,K,90,15-03-2005,(Na),0,*,Mg,12,15-03-2005,05-05-2005,22-09-2005,Hudson,28.9,13.17,*
2005,8,4,8\4,III,N3(P)KMg,maize,oats,nil,0,*,nil,N3,mid_spring,144,29-04-2005,0,*,144,(P),0,*,K,90,15-03-2005,(Na),0,*,Mg,12,15-03-2005,05-05-2005,22-09-2005,Hudson,30.2,14.85,*
2005,9,4,9\4,III,N4(P)KMg,maize,oats,nil,0,*,nil,N4,mid_spring,192,29-04-2005,0,*,192,(P),0,*,K,90,15-03-2005,(Na),0,*,Mg,12,15-03-2005,05-05-2005,22-09-2005,Hudson,26.5,12.2,*
2005,10,4,10\4,III,N4,maize,oats,nil,0,*,nil,N4,mid_spring,192,29-04-2005,0,*,192,nil,0,*,nil,0,*,nil,0,*,nil,0,*,05-05-2005,22-09-2005,Hudson,26.3,4.06,*
2005,11,4,11\4,III,N4PMg,maize,oats,nil,0,*,nil,N4,mid_spring,192,29-04-2005,0,*,192,P,35,13-10-2004,nil,0,*,nil,0,*,Mg,12,15-03-2005,05-05-2005,22-09-2005,Hudson,34,11.51,*
2005,12,4,12\4,III,N1+3+1(P)K2Mg2,maize,oats,nil,0,*,nil,N2+3,mid_&_late_spring,96,29-04-2005,144,10-05-2005,240,(P),0,*,K2,180,15-03-2005,(Na*),0,*,Mg2,24,15-03-2005,05-05-2005,22-09-2005,Hudson,32.1,16.17,*
2005,13,4,13\4,III,N4PK,maize,oats,nil,0,*,nil,N4,mid_spring,192,29-04-2005,0,*,192,P,35,13-10-2004,K,90,15-03-2005,nil,0,*,nil,0,*,05-05-2005,22-09-2005,Hudson,29.1,13.71,*
2005,14,4,14\4,III,N4PK*(Mg*),maize,oats,nil,0,*,nil,N4,mid_spring,192,29-04-2005,0,*,192,P,35,13-10-2004,K*,90,13-10-2004,nil,0,*,(Mg*),0,*,05-05-2005,22-09-2005,Hudson,33.7,17.68,*
2005,15,4,15\4,III,N5(P)KMg,maize,oats,nil,0,*,nil,N5,mid_spring,240,29-04-2005,0,*,240,(P),0,*,K,90,15-03-2005,(Na),0,*,Mg,12,15-03-2005,05-05-2005,22-09-2005,Hudson,30.4,14.18,*
2005,16,4,16\4,III,N6(P)KMg,maize,oats,nil,0,*,nil,N6,mid_spring,288,29-04-2005,0,*,288,(P),0,*,K,90,15-03-2005,(Na),0,*,Mg,12,15-03-2005,05-05-2005,22-09-2005,Hudson,30.4,15.01,*
2005,17,4,17\4,III,N1+4+1 PKMg,maize,oats,nil,0,*,nil,N2+4,mid_&_late_spring,96,29-04-2005,192,10-05-2005,288,P,35,13-10-2004,K,90,15-03-2005,1/2 (Na),0,*,Mg,12,15-03-2005,05-05-2005,22-09-2005,Hudson,31.6,14.61,*
2005,18,4,18\4,III,N1+2+1 PKMg,maize,oats,nil,0,*,nil,N2+2,mid_&_late_spring,96,29-04-2005,96,10-05-2005,192,P,35,13-10-2004,K,90,15-03-2005,1/2 (Na),0,*,Mg,12,15-03-2005,05-05-2005,22-09-2005,Hudson,32.7,15.69,*
2005,19,4,19\4,III,N1+1+1 KMg,maize,oats,nil,0,*,nil,N2+1,mid_&_late_spring,96,29-04-2005,48,10-05-2005,144,nil,0,*,K,90,15-03-2005,nil,0,*,Mg,12,15-03-2005,05-05-2005,22-09-2005,Hudson,26.7,7.9,*
2006,1,5,1\5,III,(FYM) N4 ,maize,oats,(FYM),0,*,nil,N4,mid_spring,192,10-05-2006,0,*,192,nil,0,*,nil,0,*,nil,0,*,nil,0,*,11-05-2006,25-09-2006,Hudson,36.1,13.03,*
2006,21,5,21\5,III,FYM N3,maize,oats,FYM,35,28-09-2005,nil,N3,mid_spring,144,10-05-2006,0,*,144,nil,0,*,nil,0,*,nil,0,*,nil,0,*,11-05-2006,25-09-2006,Hudson,37.1,17.14,15
2006,22,5,22\5,III,FYM,maize,oats,FYM,35,28-09-2005,nil,nil,*,0,*,0,*,0,nil,0,*,nil,0,*,nil,0,*,nil,0,*,11-05-2006,25-09-2006,Hudson,35.6,11.8,16
2006,3,5,3\5,III,Nil,maize,oats,nil,0,*,nil,nil,*,0,*,0,*,0,nil,0,*,nil,0,*,nil,0,*,nil,0,*,11-05-2006,25-09-2006,Hudson,34.1,4.25,*
2006,5,5,5\5,III,(P)KMg,maize,oats,nil,0,*,nil,nil,*,0,*,0,*,0,(P),0,*,K,90,13-03-2006,(Na),0,*,Mg,12,13-03-2006,11-05-2006,25-09-2006,Hudson,29.7,2.36,*
2006,6,5,6\5,III,N1(P)KMg,maize,oats,nil,0,*,nil,N1,mid_spring,48,10-05-2006,0,*,48,(P),0,*,K,90,13-03-2006,(Na),0,*,Mg,12,13-03-2006,11-05-2006,25-09-2006,Hudson,37.1,6.55,*
2006,7,5,7\5,III,N2(P)KMg,maize,oats,nil,0,*,nil,N2,mid_spring,96,10-05-2006,0,*,96,(P),0,*,K,90,13-03-2006,(Na),0,*,Mg,12,13-03-2006,11-05-2006,25-09-2006,Hudson,37.7,9.98,*
2006,8,5,8\5,III,N3(P)KMg,maize,oats,nil,0,*,nil,N3,mid_spring,144,10-05-2006,0,*,144,(P),0,*,K,90,13-03-2006,(Na),0,*,Mg,12,13-03-2006,11-05-2006,25-09-2006,Hudson,38,11.23,*
2006,9,5,9\5,III,N4(P)KMg,maize,oats,nil,0,*,nil,N4,mid_spring,192,10-05-2006,0,*,192,(P),0,*,K,90,13-03-2006,(Na),0,*,Mg,12,13-03-2006,11-05-2006,25-09-2006,Hudson,37.8,10.92,*
2006,10,5,10\5,III,N4,maize,oats,nil,0,*,nil,N4,mid_spring,192,10-05-2006,0,*,192,nil,0,*,nil,0,*,nil,0,*,nil,0,*,11-05-2006,25-09-2006,Hudson,35.5,3.9,*
2006,11,5,11\5,III,N4PMg,maize,oats,nil,0,*,nil,N4,mid_spring,192,10-05-2006,0,*,192,P,35,27-09-2005,nil,0,*,nil,0,*,Mg,12,13-03-2006,11-05-2006,25-09-2006,Hudson,39,3.1,*
2006,12,5,12\5,III,N1+3+1(P)KMg,maize,oats,nil,0,*,nil,N2+3,mid_&_late_spring,96,10-05-2006,144,05-06-2006,240,(P),0,*,K,90,13-03-2006,(Na*),0,*,Mg,12,13-03-2006,11-05-2006,25-09-2006,Hudson,39.8,7.33,9
2006,13,5,13\5,III,N4PK,maize,oats,nil,0,*,nil,N4,mid_spring,192,10-05-2006,0,*,192,P,35,27-09-2005,K,90,13-03-2006,nil,0,*,nil,0,*,11-05-2006,25-09-2006,Hudson,35.1,7.69,*
2006,14,5,14\5,III,N4PK*(Mg*),maize,oats,nil,0,*,nil,N4,mid_spring,192,10-05-2006,0,*,192,P,35,27-09-2005,K*,90,28-09-2005,nil,0,*,(Mg*),0,*,11-05-2006,25-09-2006,Hudson,38.5,7.6,*
2006,15,5,15\5,III,N5(P)KMg,maize,oats,nil,0,*,nil,N5,mid_spring,240,10-05-2006,0,*,240,(P),0,*,K,90,13-03-2006,(Na),0,*,Mg,12,13-03-2006,11-05-2006,25-09-2006,Hudson,31.9,8.23,*
2006,16,5,16\5,III,N6(P)KMg,maize,oats,nil,0,*,nil,N6,mid_spring,288,10-05-2006,0,*,288,(P),0,*,K,90,13-03-2006,(Na),0,*,Mg,12,13-03-2006,11-05-2006,25-09-2006,Hudson,35.6,9.74,*
2006,17,5,17\5,III,N1+4+1 PKMg,maize,oats,nil,0,*,nil,N2+4,mid_&_late_spring,96,10-05-2006,192,05-06-2006,288,P,35,27-09-2005,K,90,13-03-2006,1/2 (Na),0,*,Mg,12,13-03-2006,11-05-2006,25-09-2006,Hudson,35.5,9.27,*
2006,18,5,18\5,III,N1+2+1 PKMg,maize,oats,nil,0,*,nil,N2+2,mid_&_late_spring,96,10-05-2006,96,05-06-2006,192,P,35,27-09-2005,K,90,13-03-2006,1/2 (Na),0,*,Mg,12,13-03-2006,11-05-2006,25-09-2006,Hudson,36.2,10.52,*
2006,19,5,19\5,III,N1+1+1 KMg,maize,oats,nil,0,*,nil,N2+1,mid_&_late_spring,96,10-05-2006,48,05-06-2006,144,nil,0,*,K,90,13-03-2006,nil,0,*,Mg,12,13-03-2006,11-05-2006,25-09-2006,Hudson,33.8,7.75,*
2007,1,3,1\3,II,(FYM) N4 ,maize,oats,(FYM),0,*,nil,N4,mid_spring,192,02-05-2007,0,*,192,nil,0,*,nil,0,*,nil,0,*,nil,0,*,02-05-2007,18-09-2007,Hudson,26.7,14.74,*
2007,21,3,21\3,II,FYM N3,maize,oats,FYM,35,04-10-2006,nil,N3,mid_spring,144,02-05-2007,0,*,144,nil,0,*,nil,0,*,nil,0,*,nil,0,*,02-05-2007,18-09-2007,Hudson,23.2,14.58,15
2007,22,3,22\3,II,FYM,maize,oats,FYM,35,04-10-2006,nil,nil,*,0,*,0,*,0,nil,0,*,nil,0,*,nil,0,*,nil,0,*,02-05-2007,18-09-2007,Hudson,25.9,13.99,16
2007,3,3,3\3,II,Nil,maize,oats,nil,0,*,nil,nil,*,0,*,0,*,0,nil,0,*,nil,0,*,nil,0,*,nil,0,*,02-05-2007,18-09-2007,Hudson,21.3,2.15,*
2007,5,3,5\3,II,(P)KMg,maize,oats,nil,0,*,nil,nil,*,0,*,0,*,0,(P),0,*,K,90,12-03-2007,(Na),0,*,Mg,12,14-03-2007,02-05-2007,18-09-2007,Hudson,24.1,3.57,*
2007,6,3,6\3,II,N1(P)KMg,maize,oats,nil,0,*,nil,N1,mid_spring,48,02-05-2007,0,*,48,(P),0,*,K,90,12-03-2007,(Na),0,*,Mg,12,14-03-2007,02-05-2007,18-09-2007,Hudson,24.2,6.67,*
2007,7,3,7\3,II,N2(P)KMg,maize,oats,nil,0,*,nil,N2,mid_spring,96,02-05-2007,0,*,96,(P),0,*,K,90,12-03-2007,(Na),0,*,Mg,12,14-03-2007,02-05-2007,18-09-2007,Hudson,25.4,9.2,*
2007,8,3,8\3,II,N3(P)KMg,maize,oats,nil,0,*,nil,N3,mid_spring,144,02-05-2007,0,*,144,(P),0,*,K,90,12-03-2007,(Na),0,*,Mg,12,14-03-2007,02-05-2007,18-09-2007,Hudson,26.3,11.35,*
2007,9,3,9\3,II,N4(P)KMg,maize,oats,nil,0,*,nil,N4,mid_spring,192,02-05-2007,0,*,192,(P),0,*,K,90,12-03-2007,(Na),0,*,Mg,12,14-03-2007,02-05-2007,18-09-2007,Hudson,26.3,12.82,*
2007,10,3,10\3,II,N4,maize,oats,nil,0,*,nil,N4,mid_spring,192,02-05-2007,0,*,192,nil,0,*,nil,0,*,nil,0,*,nil,0,*,02-05-2007,18-09-2007,Hudson,18.5,0.93,*
2007,11,3,11\3,II,N4PMg,maize,oats,nil,0,*,nil,N4,mid_spring,192,02-05-2007,0,*,192,P,35,09-10-2006,nil,0,*,nil,0,*,Mg,12,14-03-2007,02-05-2007,18-09-2007,Hudson,24,3.66,*
2007,12,3,12\3,II,N1+3+1(P)KMg,maize,oats,nil,0,*,nil,N2+3,mid_&_late_spring,96,02-05-2007,144,06-06-2007,240,(P),0,*,K,90,12-03-2007,(Na*),0,*,Mg,12,14-03-2007,02-05-2007,18-09-2007,Hudson,25.8,10.9,*
2007,13,3,13\3,II,N4PK,maize,oats,nil,0,*,nil,N4,mid_spring,192,02-05-2007,0,*,192,P,35,09-10-2006,K,90,12-03-2007,nil,0,*,nil,0,*,02-05-2007,18-09-2007,Hudson,26.7,11.19,*
2007,14,3,14\3,II,N4PK*(Mg*),maize,oats,nil,0,*,nil,N4,mid_spring,192,02-05-2007,0,*,192,P,35,09-10-2006,K*,90,09-10-2006,nil,0,*,(Mg*),0,*,02-05-2007,18-09-2007,Hudson,25.4,11.06,*
2007,15,3,15\3,II,N5(P)KMg,maize,oats,nil,0,*,nil,N5,mid_spring,240,02-05-2007,0,*,240,(P),0,*,K,90,12-03-2007,(Na),0,*,Mg,12,14-03-2007,02-05-2007,18-09-2007,Hudson,24.9,11.43,*
2007,16,3,16\3,II,N6(P)KMg,maize,oats,nil,0,*,nil,N6,mid_spring,288,02-05-2007,0,*,288,(P),0,*,K,90,12-03-2007,(Na),0,*,Mg,12,14-03-2007,02-05-2007,18-09-2007,Hudson,25.1,11.1,*
2007,17,3,17\3,II,N1+4+1 PKMg,maize,oats,nil,0,*,nil,N2+4,mid_&_late_spring,96,02-05-2007,192,06-06-2007,288,P,35,09-10-2006,K,90,12-03-2007,1/2 (Na),0,*,Mg,12,14-03-2007,02-05-2007,18-09-2007,Hudson,23.6,9.25,*
2007,18,3,18\3,II,N1+2+1 PKMg,maize,oats,nil,0,*,nil,N2+2,mid_&_late_spring,96,02-05-2007,96,06-06-2007,192,P,35,09-10-2006,K,90,12-03-2007,1/2 (Na),0,*,Mg,12,14-03-2007,02-05-2007,18-09-2007,Hudson,23.1,8.79,*
2007,19,3,19\3,II,N1+1+1 KMg,maize,oats,nil,0,*,nil,N2+1,mid_&_late_spring,96,02-05-2007,48,06-06-2007,144,nil,0,*,K,90,12-03-2007,nil,0,*,Mg,12,14-03-2007,02-05-2007,18-09-2007,Hudson,23.1,7.37,*
2008,1,2,1\2,II,(FYM) N4 ,maize,oats,(FYM),0,*,nil,N4,mid_spring,192,08-05-2008,0,*,192,nil,0,*,nil,0,*,nil,0,*,nil,0,*,12-05-2008,23-09-2008,Hudson,28.5,13.6,*
2008,21,2,21\2,II,FYM N3,maize,oats,FYM,35,10-10-2007,nil,N3,mid_spring,144,08-05-2008,0,*,144,nil,0,*,nil,0,*,nil,0,*,nil,0,*,12-05-2008,23-09-2008,Hudson,29.1,16.56,15
2008,22,2,22\2,II,FYM,maize,oats,FYM,35,10-10-2007,nil,nil,*,0,*,0,*,0,nil,0,*,nil,0,*,nil,0,*,nil,0,*,12-05-2008,23-09-2008,Hudson,28,11.71,16
2008,3,2,3\2,II,Nil,maize,oats,nil,0,*,nil,nil,*,0,*,0,*,0,nil,0,*,nil,0,*,nil,0,*,nil,0,*,12-05-2008,23-09-2008,Hudson,22.6,3.03,*
2008,5,2,5\2,II,(P)KMg,maize,oats,nil,0,*,nil,nil,*,0,*,0,*,0,(P),0,*,K,90,04-04-2008,(Na),0,*,Mg,12,04-04-2008,12-05-2008,23-09-2008,Hudson,24.7,3.98,*
2008,6,2,6\2,II,N1(P)KMg,maize,oats,nil,0,*,nil,N1,mid_spring,48,08-05-2008,0,*,48,(P),0,*,K,90,04-04-2008,(Na),0,*,Mg,12,04-04-2008,12-05-2008,23-09-2008,Hudson,24.6,6.1,*
2008,7,2,7\2,II,N2(P)KMg,maize,oats,nil,0,*,nil,N2,mid_spring,96,08-05-2008,0,*,96,(P),0,*,K,90,04-04-2008,(Na),0,*,Mg,12,04-04-2008,12-05-2008,23-09-2008,Hudson,27.6,8.93,*
2008,8,2,8\2,II,N3(P)KMg,maize,oats,nil,0,*,nil,N3,mid_spring,144,08-05-2008,0,*,144,(P),0,*,K,90,04-04-2008,(Na),0,*,Mg,12,04-04-2008,12-05-2008,23-09-2008,Hudson,24.4,9.28,*
2008,9,2,9\2,II,N4(P)KMg,maize,oats,nil,0,*,nil,N4,mid_spring,192,08-05-2008,0,*,192,(P),0,*,K,90,04-04-2008,(Na),0,*,Mg,12,04-04-2008,12-05-2008,23-09-2008,Hudson,23.9,9.99,*
2008,10,2,10\2,II,N4,maize,oats,nil,0,*,nil,N4,mid_spring,192,08-05-2008,0,*,192,nil,0,*,nil,0,*,nil,0,*,nil,0,*,12-05-2008,23-09-2008,Hudson,19.8,2.31,*
2008,11,2,11\2,II,N4PMg,maize,oats,nil,0,*,nil,N4,mid_spring,192,08-05-2008,0,*,192,P,35,01-10-2007,nil,0,*,nil,0,*,Mg,12,04-04-2008,12-05-2008,23-09-2008,Hudson,23.4,5.64,*
2008,12,2,12\2,II,N1+3+1(P)KMg,maize,oats,nil,0,*,nil,N2+3,mid_&_late_spring,96,08-05-2008,144,06-06-2008,240,(P),0,*,K,90,04-04-2008,(Na*),0,*,Mg,12,04-04-2008,12-05-2008,23-09-2008,Hudson,26.9,10.07,*
2008,13,2,13\2,II,N4PK,maize,oats,nil,0,*,nil,N4,mid_spring,192,08-05-2008,0,*,192,P,35,01-10-2007,K,90,04-04-2008,nil,0,*,nil,0,*,12-05-2008,23-09-2008,Hudson,24.2,8.87,*
2008,14,2,14\2,II,N4PK*(Mg*),maize,oats,nil,0,*,nil,N4,mid_spring,192,08-05-2008,0,*,192,P,35,01-10-2007,K*,90,01-10-2007,nil,0,*,(Mg*),0,*,12-05-2008,23-09-2008,Hudson,25.7,9.66,*
2008,15,2,15\2,II,N5(P)KMg,maize,oats,nil,0,*,nil,N5,mid_spring,240,08-05-2008,0,*,240,(P),0,*,K,90,04-04-2008,(Na),0,*,Mg,12,04-04-2008,12-05-2008,23-09-2008,Hudson,24.5,9.84,*
2008,16,2,16\2,II,N6(P)KMg,maize,oats,nil,0,*,nil,N6,mid_spring,288,08-05-2008,0,*,288,(P),0,*,K,90,04-04-2008,(Na),0,*,Mg,12,04-04-2008,12-05-2008,23-09-2008,Hudson,24.5,9.57,*
2008,17,2,17\2,II,N1+4+1 PKMg,maize,oats,nil,0,*,nil,N2+4,mid_&_late_spring,96,08-05-2008,192,06-06-2008,288,P,35,01-10-2007,K,90,04-04-2008,1/2 (Na),0,*,Mg,12,04-04-2008,12-05-2008,23-09-2008,Hudson,23.9,9.05,*
2008,18,2,18\2,II,N1+2+1 PKMg,maize,oats,nil,0,*,nil,N2+2,mid_&_late_spring,96,08-05-2008,96,06-06-2008,192,P,35,01-10-2007,K,90,04-04-2008,1/2 (Na),0,*,Mg,12,04-04-2008,12-05-2008,23-09-2008,Hudson,24.2,9.5,*
2008,19,2,19\2,II,N1+1+1 KMg,maize,oats,nil,0,*,nil,N2+1,mid_&_late_spring,96,08-05-2008,48,06-06-2008,144,nil,0,*,K,90,04-04-2008,nil,0,*,Mg,12,04-04-2008,12-05-2008,23-09-2008,Hudson,23,5.86,*
2009,1,7,1\7,IV,(FYM) N4 ,maize,oats,(FYM),0,*,nil,N4,mid_spring,192,13-05-2009,0,*,192,nil,0,*,nil,0,*,nil,0,*,nil,0,*,12-05-2009,10-09-2009,Hudson,22.4,11.81,*
2009,21,7,21\7,IV,FYM N3,maize,oats,FYM,35,02-10-2008,nil,N3,mid_spring,144,13-05-2009,0,*,144,nil,0,*,nil,0,*,nil,0,*,nil,0,*,12-05-2009,10-09-2009,Hudson,23,13.84,15
2009,22,7,22\7,IV,FYM,maize,oats,FYM,35,02-10-2008,nil,nil,*,0,*,0,*,0,nil,0,*,nil,0,*,nil,0,*,nil,0,*,12-05-2009,10-09-2009,Hudson,22.3,12.37,16
2009,3,7,3\7,IV,Nil,maize,oats,nil,0,*,nil,nil,*,0,*,0,*,0,nil,0,*,nil,0,*,nil,0,*,nil,0,*,12-05-2009,10-09-2009,Hudson,19.8,0.58,*
2009,5,7,5\7,IV,(P)KMg,maize,oats,nil,0,*,nil,nil,*,0,*,0,*,0,(P),0,*,K,90,24-03-2009,(Na),0,*,Mg,12,25-03-2009,12-05-2009,10-09-2009,Hudson,21.9,5.2,*
2009,6,7,6\7,IV,N1(P)KMg,maize,oats,nil,0,*,nil,N1,mid_spring,48,13-05-2009,0,*,48,(P),0,*,K,90,24-03-2009,(Na),0,*,Mg,12,25-03-2009,12-05-2009,10-09-2009,Hudson,22.1,7.12,*
2009,7,7,7\7,IV,N2(P)KMg,maize,oats,nil,0,*,nil,N2,mid_spring,96,13-05-2009,0,*,96,(P),0,*,K,90,24-03-2009,(Na),0,*,Mg,12,25-03-2009,12-05-2009,10-09-2009,Hudson,21.1,8.51,*
2009,8,7,8\7,IV,N3(P)KMg,maize,oats,nil,0,*,nil,N3,mid_spring,144,13-05-2009,0,*,144,(P),0,*,K,90,24-03-2009,(Na),0,*,Mg,12,25-03-2009,12-05-2009,10-09-2009,Hudson,21.2,8.25,*
2009,9,7,9\7,IV,N4(P)KMg,maize,oats,nil,0,*,nil,N4,mid_spring,192,13-05-2009,0,*,192,(P),0,*,K,90,24-03-2009,(Na),0,*,Mg,12,25-03-2009,12-05-2009,10-09-2009,Hudson,21.1,8.34,*
2009,10,7,10\7,IV,N4,maize,oats,nil,0,*,nil,N4,mid_spring,192,13-05-2009,0,*,192,nil,0,*,nil,0,*,nil,0,*,nil,0,*,12-05-2009,10-09-2009,Hudson,17.3,0.94,*
2009,11,7,11\7,IV,N4PMg,maize,oats,nil,0,*,nil,N4,mid_spring,192,13-05-2009,0,*,192,P,35,29-09-2008,nil,0,*,nil,0,*,Mg,12,25-03-2009,12-05-2009,10-09-2009,Hudson,19.7,5.19,*
2009,12,7,12\7,IV,N1+3+1(P)KMg,maize,oats,nil,0,*,nil,N2+3,mid_&_late_spring,96,13-05-2009,144,25-06-2009,240,(P),0,*,K,90,24-03-2009,(Na*),0,*,Mg,12,25-03-2009,12-05-2009,10-09-2009,Hudson,20.9,8.56,*
2009,13,7,13\7,IV,N4PK,maize,oats,nil,0,*,nil,N4,mid_spring,192,13-05-2009,0,*,192,P,35,29-09-2008,K,90,24-03-2009,nil,0,*,nil,0,*,12-05-2009,10-09-2009,Hudson,21.2,8.89,*
2009,14,7,14\7,IV,N4PK*(Mg*),maize,oats,nil,0,*,nil,N4,mid_spring,192,13-05-2009,0,*,192,P,35,29-09-2008,K*,90,30-09-2008,nil,0,*,(Mg*),0,*,12-05-2009,10-09-2009,Hudson,22,8.76,*
2009,15,7,15\7,IV,N5(P)KMg,maize,oats,nil,0,*,nil,N5,mid_spring,240,13-05-2009,0,*,240,(P),0,*,K,90,24-03-2009,(Na),0,*,Mg,12,25-03-2009,12-05-2009,10-09-2009,Hudson,20.4,7.82,*
2009,16,7,16\7,IV,N6(P)KMg,maize,oats,nil,0,*,nil,N6,mid_spring,288,13-05-2009,0,*,288,(P),0,*,K,90,24-03-2009,(Na),0,*,Mg,12,25-03-2009,12-05-2009,10-09-2009,Hudson,19.1,7.4,*
2009,17,7,17\7,IV,N1+4+1 PKMg,maize,oats,nil,0,*,nil,N2+4,mid_&_late_spring,96,13-05-2009,192,25-06-2009,288,P,35,29-09-2008,K,90,24-03-2009,1/2 (Na),0,*,Mg,12,25-03-2009,12-05-2009,10-09-2009,Hudson,21.2,8.18,*
2009,18,7,18\7,IV,N1+2+1 PKMg,maize,oats,nil,0,*,nil,N2+2,mid_&_late_spring,96,13-05-2009,96,25-06-2009,192,P,35,29-09-2008,K,90,24-03-2009,1/2 (Na),0,*,Mg,12,25-03-2009,12-05-2009,10-09-2009,Hudson,20.4,8.45,*
2009,19,7,19\7,IV,N1+1+1 KMg,maize,oats,nil,0,*,nil,N2+1,mid_&_late_spring,96,13-05-2009,48,25-06-2009,144,nil,0,*,K,90,24-03-2009,nil,0,*,Mg,12,25-03-2009,12-05-2009,10-09-2009,Hudson,19.5,3.49,*
2010,1,4,1\4,III,(FYM) N4 ,maize,oats,(FYM),0,*,nil,N4,mid_spring,192,27-04-2010,0,*,192,nil,0,*,nil,0,*,nil,0,*,nil,0,*,26-04-2010,27-09-2010,Hudson,29.9,14.37,*
2010,21,4,21\4,III,FYM N3,maize,oats,FYM,35,17-09-2009,nil,N3,mid_spring,144,27-04-2010,0,*,144,nil,0,*,nil,0,*,nil,0,*,nil,0,*,26-04-2010,27-09-2010,Hudson,31.5,15.32,15
2010,22,4,22\4,III,FYM,maize,oats,FYM,35,17-09-2009,nil,nil,*,0,*,0,*,0,nil,0,*,nil,0,*,nil,0,*,nil,0,*,26-04-2010,27-09-2010,Hudson,31.2,12.78,16
2010,3,4,3\4,III,Nil,maize,oats,nil,0,*,nil,nil,*,0,*,0,*,0,nil,0,*,nil,0,*,nil,0,*,nil,0,*,26-04-2010,27-09-2010,Hudson,27.3,1.73,*
2010,5,4,5\4,III,(P)KMg,maize,oats,nil,0,*,nil,nil,*,0,*,0,*,0,(P),0,*,K,90,06-04-2010,(Na),0,*,Mg,12,06-04-2010,26-04-2010,27-09-2010,Hudson,31.4,3.82,10
2010,6,4,6\4,III,N1(P)KMg,maize,oats,nil,0,*,nil,N1,mid_spring,48,27-04-2010,0,*,48,(P),0,*,K,90,06-04-2010,(Na),0,*,Mg,12,06-04-2010,26-04-2010,27-09-2010,Hudson,29.2,6.82,10
2010,7,4,7\4,III,N2(P)KMg,maize,oats,nil,0,*,nil,N2,mid_spring,96,27-04-2010,0,*,96,(P),0,*,K,90,06-04-2010,(Na),0,*,Mg,12,06-04-2010,26-04-2010,27-09-2010,Hudson,31.7,9.67,10
2010,8,4,8\4,III,N3(P)KMg,maize,oats,nil,0,*,nil,N3,mid_spring,144,27-04-2010,0,*,144,(P),0,*,K,90,06-04-2010,(Na),0,*,Mg,12,06-04-2010,26-04-2010,27-09-2010,Hudson,30.3,10.15,10
2010,9,4,9\4,III,N4(P)KMg,maize,oats,nil,0,*,nil,N4,mid_spring,192,27-04-2010,0,*,192,(P),0,*,K,90,06-04-2010,(Na),0,*,Mg,12,06-04-2010,26-04-2010,27-09-2010,Hudson,31.2,10.1,10
2010,10,4,10\4,III,N4,maize,oats,nil,0,*,nil,N4,mid_spring,192,27-04-2010,0,*,192,nil,0,*,nil,0,*,nil,0,*,nil,0,*,26-04-2010,27-09-2010,Hudson,24.4,2.15,*
2010,11,4,11\4,III,N4PMg,maize,oats,nil,0,*,nil,N4,mid_spring,192,27-04-2010,0,*,192,P,35,14-09-2009,nil,0,*,nil,0,*,Mg,12,06-04-2010,26-04-2010,27-09-2010,Hudson,29.1,6.97,10
2010,12,4,12\4,III,N1+3+1(P)KMg,maize,oats,nil,0,*,nil,N2+3,mid_&_late_spring,96,27-04-2010,144,07-06-2010,240,(P),0,*,K,90,06-04-2010,(Na*),0,*,Mg,12,06-04-2010,26-04-2010,27-09-2010,Hudson,31.6,12.42,10
2010,13,4,13\4,III,N4PK,maize,oats,nil,0,*,nil,N4,mid_spring,192,27-04-2010,0,*,192,P,35,14-09-2009,K,90,06-04-2010,nil,0,*,nil,0,*,26-04-2010,27-09-2010,Hudson,28.6,11.21,*
2010,14,4,14\4,III,N4PK*(Mg*),maize,oats,nil,0,*,nil,N4,mid_spring,192,27-04-2010,0,*,192,P,35,14-09-2009,K*,90,14-09-2009,nil,0,*,(Mg*),0,*,26-04-2010,27-09-2010,Hudson,29.1,11.69,10
2010,15,4,15\4,III,N5(P)KMg,maize,oats,nil,0,*,nil,N5,mid_spring,240,27-04-2010,0,*,240,(P),0,*,K,90,06-04-2010,(Na),0,*,Mg,12,06-04-2010,26-04-2010,27-09-2010,Hudson,31.3,12.19,10
2010,16,4,16\4,III,N6(P)KMg,maize,oats,nil,0,*,nil,N6,mid_spring,288,27-04-2010,0,*,288,(P),0,*,K,90,06-04-2010,(Na),0,*,Mg,12,06-04-2010,26-04-2010,27-09-2010,Hudson,27.2,10.93,10
2010,17,4,17\4,III,N1+4+1 PKMg,maize,oats,nil,0,*,nil,N2+4,mid_&_late_spring,96,27-04-2010,192,07-06-2010,288,P,35,14-09-2009,K,90,06-04-2010,1/2 (Na),0,*,Mg,12,06-04-2010,26-04-2010,27-09-2010,Hudson,29.2,10.52,10
2010,18,4,18\4,III,N1+2+1 PKMg,maize,oats,nil,0,*,nil,N2+2,mid_&_late_spring,96,27-04-2010,96,07-06-2010,192,P,35,14-09-2009,K,90,06-04-2010,1/2 (Na),0,*,Mg,12,06-04-2010,26-04-2010,27-09-2010,Hudson,28.3,9.85,10
2010,19,4,19\4,III,N1+1+1 KMg,maize,oats,nil,0,*,nil,N2+1,mid_&_late_spring,96,27-04-2010,48,07-06-2010,144,nil,0,*,K,90,06-04-2010,nil,0,*,Mg,12,06-04-2010,26-04-2010,27-09-2010,Hudson,28.9,4.28,10
2011,1,5,1\5,III,(FYM) N4 ,maize,oats,(FYM),0,*,nil,N4,mid_spring,192,03-05-2011,0,*,192,nil,0,*,nil,0,*,nil,0,*,nil,0,*,26-04-2011,23-09-2011,Hudson,19.4,8.67,*
2011,21,5,21\5,III,FYM N3,maize,oats,FYM,35,08-10-2010,nil,N3,mid_spring,144,03-05-2011,0,*,144,nil,0,*,nil,0,*,nil,0,*,nil,0,*,26-04-2011,23-09-2011,Hudson,18.6,9.26,15
2011,22,5,22\5,III,FYM,maize,oats,FYM,35,08-10-2010,nil,nil,*,0,*,0,*,0,nil,0,*,nil,0,*,nil,0,*,nil,0,*,26-04-2011,23-09-2011,Hudson,24.9,11.95,16
2011,3,5,3\5,III,Nil,maize,oats,nil,0,*,nil,nil,*,0,*,0,*,0,nil,0,*,nil,0,*,nil,0,*,nil,0,*,26-04-2011,23-09-2011,Hudson,18.6,1.49,*
2011,5,5,5\5,III,(P)KMg,maize,oats,nil,0,*,nil,nil,*,0,*,0,*,0,(P),0,*,K,90,05-04-2011,(Na),0,*,Mg,12,06-04-2011,26-04-2011,23-09-2011,Hudson,18.4,2.86,*
2011,6,5,6\5,III,N1(P)KMg,maize,oats,nil,0,*,nil,N1,mid_spring,48,03-05-2011,0,*,48,(P),0,*,K,90,05-04-2011,(Na),0,*,Mg,12,06-04-2011,26-04-2011,23-09-2011,Hudson,20.6,5.05,*
2011,7,5,7\5,III,N2(P)KMg,maize,oats,nil,0,*,nil,N2,mid_spring,96,03-05-2011,0,*,96,(P),0,*,K,90,05-04-2011,(Na),0,*,Mg,12,06-04-2011,26-04-2011,23-09-2011,Hudson,20.1,7.9,*
2011,8,5,8\5,III,N3(P)KMg,maize,oats,nil,0,*,nil,N3,mid_spring,144,03-05-2011,0,*,144,(P),0,*,K,90,05-04-2011,(Na),0,*,Mg,12,06-04-2011,26-04-2011,23-09-2011,Hudson,16.8,5.27,*
2011,9,5,9\5,III,N4(P)KMg,maize,oats,nil,0,*,nil,N4,mid_spring,192,03-05-2011,0,*,192,(P),0,*,K,90,05-04-2011,(Na),0,*,Mg,12,06-04-2011,26-04-2011,23-09-2011,Hudson,17.6,5.83,*
2011,10,5,10\5,III,N4,maize,oats,nil,0,*,nil,N4,mid_spring,192,03-05-2011,0,*,192,nil,0,*,nil,0,*,nil,0,*,nil,0,*,26-04-2011,23-09-2011,Hudson,17.1,1.09,*
2011,11,5,11\5,III,N4PMg,maize,oats,nil,0,*,nil,N4,mid_spring,192,03-05-2011,0,*,192,P,35,07-10-2010,nil,0,*,nil,0,*,Mg,12,06-04-2011,26-04-2011,23-09-2011,Hudson,17.5,3.88,*
2011,12,5,12\5,III,N1+3+1(P)KMg,maize,oats,nil,0,*,nil,N2+3,mid_&_late_spring,96,03-05-2011,144,28-06-2011,240,(P),0,*,K,90,05-04-2011,(Na*),0,*,Mg,12,06-04-2011,26-04-2011,23-09-2011,Hudson,19.1,7.32,*
2011,13,5,13\5,III,N4PK,maize,oats,nil,0,*,nil,N4,mid_spring,192,03-05-2011,0,*,192,P,35,07-10-2010,K,90,05-04-2011,nil,0,*,nil,0,*,26-04-2011,23-09-2011,Hudson,19.2,7.2,*
2011,14,5,14\5,III,N4PK*(Mg*),maize,oats,nil,0,*,nil,N4,mid_spring,192,03-05-2011,0,*,192,P,35,07-10-2010,K*,90,07-10-2010,nil,0,*,(Mg*),0,*,26-04-2011,23-09-2011,Hudson,18.2,7.01,*
2011,15,5,15\5,III,N5(P)KMg,maize,oats,nil,0,*,nil,N5,mid_spring,240,03-05-2011,0,*,240,(P),0,*,K,90,05-04-2011,(Na),0,*,Mg,12,06-04-2011,26-04-2011,23-09-2011,Hudson,18.4,5.63,*
2011,16,5,16\5,III,N6(P)KMg,maize,oats,nil,0,*,nil,N6,mid_spring,288,03-05-2011,0,*,288,(P),0,*,K,90,05-04-2011,(Na),0,*,Mg,12,06-04-2011,26-04-2011,23-09-2011,Hudson,16.8,4.33,*
2011,17,5,17\5,III,N1+4+1 PKMg,maize,oats,nil,0,*,nil,N2+4,mid_&_late_spring,96,03-05-2011,192,28-06-2011,288,P,35,07-10-2010,K,90,05-04-2011,1/2 (Na),0,*,Mg,12,06-04-2011,26-04-2011,23-09-2011,Hudson,17.3,5.19,*
2011,18,5,18\5,III,N1+2+1 PKMg,maize,oats,nil,0,*,nil,N2+2,mid_&_late_spring,96,03-05-2011,96,28-06-2011,192,P,35,07-10-2010,K,90,05-04-2011,1/2 (Na),0,*,Mg,12,06-04-2011,26-04-2011,23-09-2011,Hudson,18.8,5.88,*
2011,19,5,19\5,III,N1+1+1 KMg,maize,oats,nil,0,*,nil,N2+1,mid_&_late_spring,96,03-05-2011,48,28-06-2011,144,nil,0,*,K,90,05-04-2011,nil,0,*,Mg,12,06-04-2011,26-04-2011,23-09-2011,Hudson,19.7,2.56,*
2012,1,3,1\3,II,(FYM) N4 ,maize,oats,(FYM),0,*,nil,N4,mid_spring,192,13-05-2012,0,*,192,nil,0,*,nil,0,*,nil,0,*,nil,0,*,13-05-2012,27-09-2012,Hudson,27.8,14.32,*
2012,21,3,21\3,II,FYM N3,maize,oats,FYM,35,28-09-2011,nil,N3,mid_spring,144,13-05-2012,0,*,144,nil,0,*,nil,0,*,nil,0,*,nil,0,*,13-05-2012,27-09-2012,Hudson,29.3,18.24,15
2012,22,3,22\3,II,FYM,maize,oats,FYM,35,28-09-2011,nil,nil,*,0,*,0,*,0,nil,0,*,nil,0,*,nil,0,*,nil,0,*,13-05-2012,27-09-2012,Hudson,28.4,11.21,16
2012,3,3,3\3,II,Nil,maize,oats,nil,0,*,nil,nil,*,0,*,0,*,0,nil,0,*,nil,0,*,nil,0,*,nil,0,*,13-05-2012,27-09-2012,Hudson,22.5,1.65,*
2012,5,3,5\3,II,(P)KMg,maize,oats,nil,0,*,nil,nil,*,0,*,0,*,0,(P),0,*,K,90,27-09-2011,(Na),0,*,Mg,12,27-09-2011,13-05-2012,27-09-2012,Hudson,23.4,3.56,11
2012,6,3,6\3,II,N1(P)KMg,maize,oats,nil,0,*,nil,N1,mid_spring,48,13-05-2012,0,*,48,(P),0,*,K,90,27-09-2011,(Na),0,*,Mg,12,27-09-2011,13-05-2012,27-09-2012,Hudson,25.7,5.75,11
2012,7,3,7\3,II,N2(P)KMg,maize,oats,nil,0,*,nil,N2,mid_spring,96,13-05-2012,0,*,96,(P),0,*,K,90,27-09-2011,(Na),0,*,Mg,12,27-09-2011,13-05-2012,27-09-2012,Hudson,25.1,8.85,11
2012,8,3,8\3,II,N3(P)KMg,maize,oats,nil,0,*,nil,N3,mid_spring,144,13-05-2012,0,*,144,(P),0,*,K,90,27-09-2011,(Na),0,*,Mg,12,27-09-2011,13-05-2012,27-09-2012,Hudson,28.7,10.85,11
2012,9,3,9\3,II,N4(P)KMg,maize,oats,nil,0,*,nil,N4,mid_spring,192,13-05-2012,0,*,192,(P),0,*,K,90,27-09-2011,(Na),0,*,Mg,12,27-09-2011,13-05-2012,27-09-2012,Hudson,25.6,10.16,11
2012,10,3,10\3,II,N4,maize,oats,nil,0,*,nil,N4,mid_spring,192,13-05-2012,0,*,192,nil,0,*,nil,0,*,nil,0,*,nil,0,*,13-05-2012,27-09-2012,Hudson,19.7,0.96,*
2012,11,3,11\3,II,N4PMg,maize,oats,nil,0,*,nil,N4,mid_spring,192,13-05-2012,0,*,192,P,35,27-09-2011,nil,0,*,nil,0,*,Mg,12,27-09-2011,13-05-2012,27-09-2012,Hudson,27.8,5.44,11
2012,12,3,12\3,II,N1+3+1(P)KMg,maize,oats,nil,0,*,nil,N2+3,mid_&_late_spring,96,13-05-2012,144,14-06-2012,240,(P),0,*,K,90,27-09-2011,(Na*),0,*,Mg,12,27-09-2011,13-05-2012,27-09-2012,Hudson,25.3,9.33,11
2012,13,3,13\3,II,N4PK,maize,oats,nil,0,*,nil,N4,mid_spring,192,13-05-2012,0,*,192,P,35,27-09-2011,K,90,27-09-2011,nil,0,*,nil,0,*,13-05-2012,27-09-2012,Hudson,26.1,10.72,11
2012,14,3,14\3,II,N4PK*(Mg*),maize,oats,nil,0,*,nil,N4,mid_spring,192,13-05-2012,0,*,192,P,35,27-09-2011,K*,90,27-09-2011,nil,0,*,(Mg*),0,*,13-05-2012,27-09-2012,Hudson,26.7,9.82,*
2012,15,3,15\3,II,N5(P)KMg,maize,oats,nil,0,*,nil,N5,mid_spring,240,13-05-2012,0,*,240,(P),0,*,K,90,27-09-2011,(Na),0,*,Mg,12,27-09-2011,13-05-2012,27-09-2012,Hudson,24.5,9.94,11
2012,16,3,16\3,II,N6(P)KMg,maize,oats,nil,0,*,nil,N6,mid_spring,288,13-05-2012,0,*,288,(P),0,*,K,90,27-09-2011,(Na),0,*,Mg,12,27-09-2011,13-05-2012,27-09-2012,Hudson,28.7,9.13,11
2012,17,3,17\3,II,N1+4+1 PKMg,maize,oats,nil,0,*,nil,N2+4,mid_&_late_spring,96,13-05-2012,192,14-06-2012,288,P,35,27-09-2011,K,90,27-09-2011,1/2 (Na),0,*,Mg,12,27-09-2011,13-05-2012,27-09-2012,Hudson,25.3,9.13,11
2012,18,3,18\3,II,N1+2+1 PKMg,maize,oats,nil,0,*,nil,N2+2,mid_&_late_spring,96,13-05-2012,96,14-06-2012,192,P,35,27-09-2011,K,90,27-09-2011,1/2 (Na),0,*,Mg,12,27-09-2011,13-05-2012,27-09-2012,Hudson,27.4,11.46,11
2012,19,3,19\3,II,N1+1+1 KMg,maize,oats,nil,0,*,nil,N2+1,mid_&_late_spring,96,13-05-2012,48,14-06-2012,144,nil,0,*,K,90,27-09-2011,nil,0,*,Mg,12,27-09-2011,13-05-2012,27-09-2012,Hudson,24.9,5.43,11
2013,1,2,1\2,II,(FYM) N4 ,maize,oats,(FYM),0,*,nil,N4,mid_spring,192,21-05-2013,0,*,192,nil,0,*,nil,0,*,nil,0,*,nil,0,*,17-05-2013,23-09-2013,Hudson,30.7,3.51,12
2013,21,2,21\2,II,FYM N3,maize,oats,FYM,35,03-10-2012,nil,N3,mid_spring,144,21-05-2013,0,*,144,nil,0,*,nil,0,*,nil,0,*,nil,0,*,17-05-2013,23-09-2013,Hudson,26.5,6.65,"12,15"
2013,22,2,22\2,II,FYM,maize,oats,FYM,35,03-10-2012,nil,nil,*,0,*,0,*,0,nil,0,*,nil,0,*,nil,0,*,nil,0,*,17-05-2013,23-09-2013,Hudson,27.9,8.75,"12,16"
2013,3,2,3\2,II,Nil,maize,oats,nil,0,*,nil,nil,*,0,*,0,*,0,nil,0,*,nil,0,*,nil,0,*,nil,0,*,17-05-2013,23-09-2013,Hudson,20.5,1.34,12
2013,5,2,5\2,II,(P)KMg,maize,oats,nil,0,*,nil,nil,*,0,*,0,*,0,(P),0,*,K,90,12-03-2013,(Na),0,*,Mg,12,11-03-2013,17-05-2013,23-09-2013,Hudson,22.9,3.32,12
2013,6,2,6\2,II,N1(P)KMg,maize,oats,nil,0,*,nil,N1,mid_spring,48,21-05-2013,0,*,48,(P),0,*,K,90,12-03-2013,(Na),0,*,Mg,12,11-03-2013,17-05-2013,23-09-2013,Hudson,26.2,5.9,12
2013,7,2,7\2,II,N2(P)KMg,maize,oats,nil,0,*,nil,N2,mid_spring,96,21-05-2013,0,*,96,(P),0,*,K,90,12-03-2013,(Na),0,*,Mg,12,11-03-2013,17-05-2013,23-09-2013,Hudson,25.1,4.48,12
2013,8,2,8\2,II,N3(P)KMg,maize,oats,nil,0,*,nil,N3,mid_spring,144,21-05-2013,0,*,144,(P),0,*,K,90,12-03-2013,(Na),0,*,Mg,12,11-03-2013,17-05-2013,23-09-2013,Hudson,25.4,6.14,12
2013,9,2,9\2,II,N4(P)KMg,maize,oats,nil,0,*,nil,N4,mid_spring,192,21-05-2013,0,*,192,(P),0,*,K,90,12-03-2013,(Na),0,*,Mg,12,11-03-2013,17-05-2013,23-09-2013,Hudson,23.3,4.52,12
2013,10,2,10\2,II,N4,maize,oats,nil,0,*,nil,N4,mid_spring,192,21-05-2013,0,*,192,nil,0,*,nil,0,*,nil,0,*,nil,0,*,17-05-2013,23-09-2013,Hudson,20.3,2.07,12
2013,11,2,11\2,II,N4PMg,maize,oats,nil,0,*,nil,N4,mid_spring,192,21-05-2013,0,*,192,P,35,28-09-2012,nil,0,*,nil,0,*,Mg,12,11-03-2013,17-05-2013,23-09-2013,Hudson,24,4.36,12
2013,12,2,12\2,II,N1+3+1(P)KMg,maize,oats,nil,0,*,nil,N2+3,mid_&_late_spring,96,21-05-2013,144,10-06-2013,240,(P),0,*,K,90,12-03-2013,(Na*),0,*,Mg,12,11-03-2013,17-05-2013,23-09-2013,Hudson,28.1,6.52,12
2013,13,2,13\2,II,N4PK,maize,oats,nil,0,*,nil,N4,mid_spring,192,21-05-2013,0,*,192,P,35,28-09-2012,K,90,12-03-2013,nil,0,*,nil,0,*,17-05-2013,23-09-2013,Hudson,27.6,8.8,12
2013,14,2,14\2,II,N4PK*(Mg*),maize,oats,nil,0,*,nil,N4,mid_spring,192,21-05-2013,0,*,192,P,35,28-09-2012,K*,90,28-09-2012,nil,0,*,(Mg*),0,*,17-05-2013,23-09-2013,Hudson,28.5,9.52,12
2013,15,2,15\2,II,N5(P)KMg,maize,oats,nil,0,*,nil,N5,mid_spring,240,21-05-2013,0,*,240,(P),0,*,K,90,12-03-2013,(Na),0,*,Mg,12,11-03-2013,17-05-2013,23-09-2013,Hudson,25.7,7.03,12
2013,16,2,16\2,II,N6(P)KMg,maize,oats,nil,0,*,nil,N6,mid_spring,288,21-05-2013,0,*,288,(P),0,*,K,90,12-03-2013,(Na),0,*,Mg,12,11-03-2013,17-05-2013,23-09-2013,Hudson,24.7,6.57,12
2013,17,2,17\2,II,N1+4+1 PKMg,maize,oats,nil,0,*,nil,N2+4,mid_&_late_spring,96,21-05-2013,192,10-06-2013,288,P,35,28-09-2012,K,90,12-03-2013,1/2 (Na),0,*,Mg,12,11-03-2013,17-05-2013,23-09-2013,Hudson,24.9,3.46,12
2013,18,2,18\2,II,N1+2+1 PKMg,maize,oats,nil,0,*,nil,N2+2,mid_&_late_spring,96,21-05-2013,96,10-06-2013,192,P,35,28-09-2012,K,90,12-03-2013,1/2 (Na),0,*,Mg,12,11-03-2013,17-05-2013,23-09-2013,Hudson,24.1,5.95,12
2013,19,2,19\2,II,N1+1+1 KMg,maize,oats,nil,0,*,nil,N2+1,mid_&_late_spring,96,21-05-2013,48,10-06-2013,144,nil,0,*,K,90,12-03-2013,nil,0,*,Mg,12,11-03-2013,17-05-2013,23-09-2013,Hudson,21,3.1,12
2014,1,7,1\7,IV,(FYM) N4 ,maize,oats,(FYM),0,*,nil,N4,mid_spring,192,20-05-2014,0,*,192,nil,0,*,nil,0,*,nil,0,*,nil,0,*,16-05-2014,30-09-2014,Hudson,33.3,13.3,*
2014,21,7,21\7,IV,FYM N3,maize,oats,FYM,35,02-10-2013,nil,N3,mid_spring,144,20-05-2014,0,*,144,nil,0,*,nil,0,*,nil,0,*,nil,0,*,16-05-2014,30-09-2014,Hudson,32.8,15.46,15
2014,22,7,22\7,IV,FYM,maize,oats,FYM,35,02-10-2013,nil,nil,*,0,*,0,*,0,nil,0,*,nil,0,*,nil,0,*,nil,0,*,16-05-2014,30-09-2014,Hudson,37.5,15.87,16
2014,3,7,3\7,IV,Nil,maize,oats,nil,0,*,nil,nil,*,0,*,0,*,0,nil,0,*,nil,0,*,nil,0,*,nil,0,*,16-05-2014,30-09-2014,Hudson,23.4,1.45,*
2014,5,7,5\7,IV,(P)KMg,maize,oats,nil,0,*,nil,nil,*,0,*,0,*,0,(P),0,*,K,90,09-04-2014,(Na),0,*,Mg,12,09-04-2014,16-05-2014,30-09-2014,Hudson,27.7,4.25,*
2014,6,7,6\7,IV,N1(P)KMg,maize,oats,nil,0,*,nil,N1,mid_spring,48,20-05-2014,0,*,48,(P),0,*,K,90,09-04-2014,(Na),0,*,Mg,12,09-04-2014,16-05-2014,30-09-2014,Hudson,33.7,7.77,*
2014,7,7,7\7,IV,N2(P)KMg,maize,oats,nil,0,*,nil,N2,mid_spring,96,20-05-2014,0,*,96,(P),0,*,K,90,09-04-2014,(Na),0,*,Mg,12,09-04-2014,16-05-2014,30-09-2014,Hudson,35.5,9.87,*
2014,8,7,8\7,IV,N3(P)KMg,maize,oats,nil,0,*,nil,N3,mid_spring,144,20-05-2014,0,*,144,(P),0,*,K,90,09-04-2014,(Na),0,*,Mg,12,09-04-2014,16-05-2014,30-09-2014,Hudson,28.8,8.57,*
2014,9,7,9\7,IV,N4(P)KMg,maize,oats,nil,0,*,nil,N4,mid_spring,192,20-05-2014,0,*,192,(P),0,*,K,90,09-04-2014,(Na),0,*,Mg,12,09-04-2014,16-05-2014,30-09-2014,Hudson,28.1,8.96,*
2014,10,7,10\7,IV,N4,maize,oats,nil,0,*,nil,N4,mid_spring,192,20-05-2014,0,*,192,nil,0,*,nil,0,*,nil,0,*,nil,0,*,16-05-2014,30-09-2014,Hudson,23.5,2.79,*
2014,11,7,11\7,IV,N4PMg,maize,oats,nil,0,*,nil,N4,mid_spring,192,20-05-2014,0,*,192,P,35,30-09-2013,nil,0,*,nil,0,*,Mg,12,09-04-2014,16-05-2014,30-09-2014,Hudson,27,4.36,*
2014,12,7,12\7,IV,N1+3+1(P)KMg,maize,oats,nil,0,*,nil,N2+3,mid_&_late_spring,96,20-05-2014,144,16-06-2014,240,(P),0,*,K,90,09-04-2014,(Na*),0,*,Mg,12,09-04-2014,16-05-2014,30-09-2014,Hudson,32.2,11.11,*
2014,13,7,13\7,IV,N4PK,maize,oats,nil,0,*,nil,N4,mid_spring,192,20-05-2014,0,*,192,P,35,30-09-2013,K,90,09-04-2014,nil,0,*,nil,0,*,16-05-2014,30-09-2014,Hudson,28.4,9.58,*
2014,14,7,14\7,IV,N4PK*(Mg*),maize,oats,nil,0,*,nil,N4,mid_spring,192,20-05-2014,0,*,192,P,35,30-09-2013,K*,90,30-09-2013,nil,0,*,(Mg*),0,*,16-05-2014,30-09-2014,Hudson,35.1,11.33,*
2014,15,7,15\7,IV,N5(P)KMg,maize,oats,nil,0,*,nil,N5,mid_spring,240,20-05-2014,0,*,240,(P),0,*,K,90,09-04-2014,(Na),0,*,Mg,12,09-04-2014,16-05-2014,30-09-2014,Hudson,27,10.06,*
2014,16,7,16\7,IV,N6(P)KMg,maize,oats,nil,0,*,nil,N6,mid_spring,288,20-05-2014,0,*,288,(P),0,*,K,90,09-04-2014,(Na),0,*,Mg,12,09-04-2014,16-05-2014,30-09-2014,Hudson,26.9,8.59,*
2014,17,7,17\7,IV,N1+4+1 PKMg,maize,oats,nil,0,*,nil,N2+4,mid_&_late_spring,96,20-05-2014,192,16-06-2014,288,P,35,30-09-2013,K,90,09-04-2014,1/2 (Na),0,*,Mg,12,09-04-2014,16-05-2014,30-09-2014,Hudson,29.6,8.99,*
2014,18,7,18\7,IV,N1+2+1 PKMg,maize,oats,nil,0,*,nil,N2+2,mid_&_late_spring,96,20-05-2014,96,16-06-2014,192,P,35,30-09-2013,K,90,09-04-2014,1/2 (Na),0,*,Mg,12,09-04-2014,16-05-2014,30-09-2014,Hudson,29.8,8.98,*
2014,19,7,19\7,IV,N1+1+1 KMg,maize,oats,nil,0,*,nil,N2+1,mid_&_late_spring,96,20-05-2014,48,16-06-2014,144,nil,0,*,K,90,09-04-2014,nil,0,*,Mg,12,09-04-2014,16-05-2014,30-09-2014,Hudson,26.6,4.53,*
2015,1,4,1\4,III,(FYM) N4 ,maize,oats,(FYM),0,*,nil,N4,mid_spring,192,08-05-2015,0,*,192,nil,0,*,nil,0,*,nil,0,*,nil,0,*,15-04-2015,21-09-2015,Severus,25,14.31,*
2015,21,4,21\4,III,FYM N3,maize,oats,FYM,35,03-10-2014,nil,N3,mid_spring,144,08-05-2015,0,*,144,nil,0,*,nil,0,*,nil,0,*,nil,0,*,15-04-2015,21-09-2015,Severus,27.1,16.61,15
2015,22,4,22\4,III,FYM,maize,oats,FYM,35,03-10-2014,nil,nil,*,0,*,0,*,0,nil,0,*,nil,0,*,nil,0,*,nil,0,*,15-04-2015,21-09-2015,Severus,26.9,12.12,16
2015,3,4,3\4,III,Nil,maize,oats,nil,0,*,nil,nil,*,0,*,0,*,0,nil,0,*,nil,0,*,nil,0,*,nil,0,*,15-04-2015,21-09-2015,Severus,22,2.63,*
2015,5,4,5\4,III,(P)KMg,maize,oats,nil,0,*,nil,nil,*,0,*,0,*,0,(P),0,*,K,90,16-04-2015,(Na),0,*,Mg,12,16-04-2015,15-04-2015,21-09-2015,Severus,23.4,4.05,*
2015,6,4,6\4,III,N1(P)KMg,maize,oats,nil,0,*,nil,N1,mid_spring,48,08-05-2015,0,*,48,(P),0,*,K,90,16-04-2015,(Na),0,*,Mg,12,16-04-2015,15-04-2015,21-09-2015,Severus,23.4,7.13,*
2015,7,4,7\4,III,N2(P)KMg,maize,oats,nil,0,*,nil,N2,mid_spring,96,08-05-2015,0,*,96,(P),0,*,K,90,16-04-2015,(Na),0,*,Mg,12,16-04-2015,15-04-2015,21-09-2015,Severus,24,8.88,*
2015,8,4,8\4,III,N3(P)KMg,maize,oats,nil,0,*,nil,N3,mid_spring,144,08-05-2015,0,*,144,(P),0,*,K,90,16-04-2015,(Na),0,*,Mg,12,16-04-2015,15-04-2015,21-09-2015,Severus,21.6,10.85,*
2015,9,4,9\4,III,N4(P)KMg,maize,oats,nil,0,*,nil,N4,mid_spring,192,08-05-2015,0,*,192,(P),0,*,K,90,16-04-2015,(Na),0,*,Mg,12,16-04-2015,15-04-2015,21-09-2015,Severus,20.8,10.12,*
2015,10,4,10\4,III,N4,maize,oats,nil,0,*,nil,N4,mid_spring,192,08-05-2015,0,*,192,nil,0,*,nil,0,*,nil,0,*,nil,0,*,15-04-2015,21-09-2015,Severus,20,2.83,*
2015,11,4,11\4,III,N4PMg,maize,oats,nil,0,*,nil,N4,mid_spring,192,08-05-2015,0,*,192,P,35,02-10-2014,nil,0,*,nil,0,*,Mg,12,16-04-2015,15-04-2015,21-09-2015,Severus,21,7.71,*
2015,12,4,12\4,III,N1+3+1(P)KMg,maize,oats,nil,0,*,nil,N2+3,mid_&_late_spring,96,08-05-2015,144,22-05-2015,240,(P),0,*,K,90,16-04-2015,(Na*),0,*,Mg,12,16-04-2015,15-04-2015,21-09-2015,Severus,24.1,14.64,*
2015,13,4,13\4,III,N4PK,maize,oats,nil,0,*,nil,N4,mid_spring,192,08-05-2015,0,*,192,P,35,02-10-2014,K,90,16-04-2015,nil,0,*,nil,0,*,15-04-2015,21-09-2015,Severus,24.8,15,*
2015,14,4,14\4,III,N4PK*(Mg*),maize,oats,nil,0,*,nil,N4,mid_spring,192,08-05-2015,0,*,192,P,35,02-10-2014,K*,90,02-10-2014,nil,0,*,(Mg*),0,*,15-04-2015,21-09-2015,Severus,24.6,14.47,*
2015,15,4,15\4,III,N5(P)KMg,maize,oats,nil,0,*,nil,N5,mid_spring,240,08-05-2015,0,*,240,(P),0,*,K,90,16-04-2015,(Na),0,*,Mg,12,16-04-2015,15-04-2015,21-09-2015,Severus,22.8,13.15,*
2015,16,4,16\4,III,N6(P)KMg,maize,oats,nil,0,*,nil,N6,mid_spring,288,08-05-2015,0,*,288,(P),0,*,K,90,16-04-2015,(Na),0,*,Mg,12,16-04-2015,15-04-2015,21-09-2015,Severus,22.6,14.18,*
2015,17,4,17\4,III,N1+4+1 PKMg,maize,oats,nil,0,*,nil,N2+4,mid_&_late_spring,96,08-05-2015,192,22-05-2015,288,P,35,02-10-2014,K,90,16-04-2015,1/2 (Na),0,*,Mg,12,16-04-2015,15-04-2015,21-09-2015,Severus,22.7,12.35,*
2015,18,4,18\4,III,N1+2+1 PKMg,maize,oats,nil,0,*,nil,N2+2,mid_&_late_spring,96,08-05-2015,96,22-05-2015,192,P,35,02-10-2014,K,90,16-04-2015,1/2 (Na),0,*,Mg,12,16-04-2015,15-04-2015,21-09-2015,Severus,24.9,11.94,*
2015,19,4,19\4,III,N1+1+1 KMg,maize,oats,nil,0,*,nil,N2+1,mid_&_late_spring,96,08-05-2015,48,22-05-2015,144,nil,0,*,K,90,16-04-2015,nil,0,*,Mg,12,16-04-2015,15-04-2015,21-09-2015,Severus,19.2,5.1,*
2016,1,5,1\5,III,(FYM) N4 ,maize,oats,(FYM),0,*,nil,N4,mid_spring,192,17-05-2016,0,*,192,nil,0,*,nil,0,*,nil,0,*,nil,0,*,05-05-2016,21-09-2016,Severus,31.9,12.57,*
2016,21,5,21\5,III,FYM N3,maize,oats,FYM,35,01-10-2015,nil,N3,mid_spring,144,17-05-2016,0,*,144,nil,0,*,nil,0,*,nil,0,*,nil,0,*,05-05-2016,21-09-2016,Severus,30.1,9.43,15
2016,22,5,22\5,III,FYM,maize,oats,FYM,35,01-10-2015,nil,nil,*,0,*,0,*,0,nil,0,*,nil,0,*,nil,0,*,nil,0,*,05-05-2016,21-09-2016,Severus,36.3,8.66,16
2016,3,5,3\5,III,Nil,maize,oats,nil,0,*,nil,nil,*,0,*,0,*,0,nil,0,*,nil,0,*,nil,0,*,nil,0,*,05-05-2016,21-09-2016,Severus,24.1,0.8,*
2016,5,5,5\5,III,(P)KMg,maize,oats,nil,0,*,nil,nil,*,0,*,0,*,0,(P),0,*,K,90,11-04-2016,(Na),0,*,Mg,12,13-03-2016,05-05-2016,21-09-2016,Severus,29.1,2.33,*
2016,6,5,6\5,III,N1(P)KMg,maize,oats,nil,0,*,nil,N1,mid_spring,48,17-05-2016,0,*,48,(P),0,*,K,90,11-04-2016,(Na),0,*,Mg,12,13-03-2016,05-05-2016,21-09-2016,Severus,32.8,4.36,*
2016,7,5,7\5,III,N2(P)KMg,maize,oats,nil,0,*,nil,N2,mid_spring,96,17-05-2016,0,*,96,(P),0,*,K,90,11-04-2016,(Na),0,*,Mg,12,13-03-2016,05-05-2016,21-09-2016,Severus,32,4.95,*
2016,8,5,8\5,III,N3(P)KMg,maize,oats,nil,0,*,nil,N3,mid_spring,144,17-05-2016,0,*,144,(P),0,*,K,90,11-04-2016,(Na),0,*,Mg,12,13-03-2016,05-05-2016,21-09-2016,Severus,28.8,5.47,*
2016,9,5,9\5,III,N4(P)KMg,maize,oats,nil,0,*,nil,N4,mid_spring,192,17-05-2016,0,*,192,(P),0,*,K,90,11-04-2016,(Na),0,*,Mg,12,13-03-2016,05-05-2016,21-09-2016,Severus,31.5,5.4,*
2016,10,5,10\5,III,N4,maize,oats,nil,0,*,nil,N4,mid_spring,192,17-05-2016,0,*,192,nil,0,*,nil,0,*,nil,0,*,nil,0,*,05-05-2016,21-09-2016,Severus,21.8,3.8,*
2016,11,5,11\5,III,N4PMg,maize,oats,nil,0,*,nil,N4,mid_spring,192,17-05-2016,0,*,192,P,35,01-10-2015,nil,0,*,nil,0,*,Mg,12,13-03-2016,05-05-2016,21-09-2016,Severus,24.5,3.15,*
2016,12,5,12\5,III,N1+3+1(P)KMg,maize,oats,nil,0,*,nil,N2+3,mid_&_late_spring,96,17-05-2016,144,07-06-2016,240,(P),0,*,K,90,11-04-2016,(Na*),0,*,Mg,12,13-03-2016,05-05-2016,21-09-2016,Severus,27.4,5.74,*
2016,13,5,13\5,III,N4PK,maize,oats,nil,0,*,nil,N4,mid_spring,192,17-05-2016,0,*,192,P,35,01-10-2015,K,90,11-04-2016,nil,0,*,nil,0,*,05-05-2016,21-09-2016,Severus,28.4,6.82,*
2016,14,5,14\5,III,N4PK*(Mg*),maize,oats,nil,0,*,nil,N4,mid_spring,192,17-05-2016,0,*,192,P,35,01-10-2015,K*,90,01-10-2015,nil,0,*,(Mg*),0,*,05-05-2016,21-09-2016,Severus,32.9,7.29,*
2016,15,5,15\5,III,N5(P)KMg,maize,oats,nil,0,*,nil,N5,mid_spring,240,17-05-2016,0,*,240,(P),0,*,K,90,11-04-2016,(Na),0,*,Mg,12,13-03-2016,05-05-2016,21-09-2016,Severus,29.2,5.77,*
2016,16,5,16\5,III,N6(P)KMg,maize,oats,nil,0,*,nil,N6,mid_spring,288,17-05-2016,0,*,288,(P),0,*,K,90,11-04-2016,(Na),0,*,Mg,12,13-03-2016,05-05-2016,21-09-2016,Severus,29.4,6.02,*
2016,17,5,17\5,III,N1+4+1 PKMg,maize,oats,nil,0,*,nil,N2+4,mid_&_late_spring,96,17-05-2016,192,07-06-2016,288,P,35,01-10-2015,K,90,11-04-2016,1/2 (Na),0,*,Mg,12,13-03-2016,05-05-2016,21-09-2016,Severus,29,4.92,*
2016,18,5,18\5,III,N1+2+1 PKMg,maize,oats,nil,0,*,nil,N2+2,mid_&_late_spring,96,17-05-2016,96,07-06-2016,192,P,35,01-10-2015,K,90,11-04-2016,1/2 (Na),0,*,Mg,12,13-03-2016,05-05-2016,21-09-2016,Severus,33.4,7.89,*
2016,19,5,19\5,III,N1+1+1 KMg,maize,oats,nil,0,*,nil,N2+1,mid_&_late_spring,96,17-05-2016,48,07-06-2016,144,nil,0,*,K,90,11-04-2016,nil,0,*,Mg,12,13-03-2016,05-05-2016,21-09-2016,Severus,31.6,4.68,*
2017,1,3,1\3,II,(FYM) N4 ,maize,oats,(FYM),0,*,nil,N4,mid_spring,192,08-05-2017,0,*,192,nil,0,*,nil,0,*,nil,0,*,nil,0,*,12-04-2017,14-09-2017,Severus,27.5,11.02,*
2017,21,3,21\3,II,FYM N3,maize,oats,FYM,35,27-09-2016,nil,N3,mid_spring,144,08-05-2017,0,*,144,nil,0,*,nil,0,*,nil,0,*,nil,0,*,12-04-2017,14-09-2017,Severus,28.5,14.4,15
2017,22,3,22\3,II,FYM,maize,oats,FYM,35,27-09-2016,nil,nil,*,0,*,0,*,0,nil,0,*,nil,0,*,nil,0,*,nil,0,*,12-04-2017,14-09-2017,Severus,36.2,17.83,16
2017,3,3,3\3,II,Nil,maize,oats,nil,0,*,nil,nil,*,0,*,0,*,0,nil,0,*,nil,0,*,nil,0,*,nil,0,*,12-04-2017,14-09-2017,Severus,20.2,1.95,*
2017,5,3,5\3,II,(P)KMg,maize,oats,nil,0,*,nil,nil,*,0,*,0,*,0,(P),0,*,K,90,29-03-2017,(Na),0,*,Mg,12,21-03-2017,12-04-2017,14-09-2017,Severus,27.3,5.01,*
2017,6,3,6\3,II,N1(P)KMg,maize,oats,nil,0,*,nil,N1,mid_spring,48,08-05-2017,0,*,48,(P),0,*,K,90,29-03-2017,(Na),0,*,Mg,12,21-03-2017,12-04-2017,14-09-2017,Severus,28.5,8.7,*
2017,7,3,7\3,II,N2(P)KMg,maize,oats,nil,0,*,nil,N2,mid_spring,96,08-05-2017,0,*,96,(P),0,*,K,90,29-03-2017,(Na),0,*,Mg,12,21-03-2017,12-04-2017,14-09-2017,Severus,26.2,10.92,*
2017,8,3,8\3,II,N3(P)KMg,maize,oats,nil,0,*,nil,N3,mid_spring,144,08-05-2017,0,*,144,(P),0,*,K,90,29-03-2017,(Na),0,*,Mg,12,21-03-2017,12-04-2017,14-09-2017,Severus,23.7,11.17,*
2017,9,3,9\3,II,N4(P)KMg,maize,oats,nil,0,*,nil,N4,mid_spring,192,08-05-2017,0,*,192,(P),0,*,K,90,29-03-2017,(Na),0,*,Mg,12,21-03-2017,12-04-2017,14-09-2017,Severus,24.3,10.98,*
2017,10,3,10\3,II,N4,maize,oats,nil,0,*,nil,N4,mid_spring,192,08-05-2017,0,*,192,nil,0,*,nil,0,*,nil,0,*,nil,0,*,12-04-2017,14-09-2017,Severus,21.6,4.22,*
2017,11,3,11\3,II,N4PMg,maize,oats,nil,0,*,nil,N4,mid_spring,192,08-05-2017,0,*,192,P,35,26-09-2016,nil,0,*,nil,0,*,Mg,12,21-03-2017,12-04-2017,14-09-2017,Severus,22,6.49,*
2017,12,3,12\3,II,N1+3+1(P)KMg,maize,oats,nil,0,*,nil,N2+3,mid_&_late_spring,96,08-05-2017,144,24-05-2017,240,(P),0,*,K,90,29-03-2017,(Na*),0,*,Mg,12,21-03-2017,12-04-2017,14-09-2017,Severus,25.9,14.21,*
2017,13,3,13\3,II,N4PK,maize,oats,nil,0,*,nil,N4,mid_spring,192,08-05-2017,0,*,192,P,35,26-09-2016,K,90,29-03-2017,nil,0,*,nil,0,*,12-04-2017,14-09-2017,Severus,27,14.45,*
2017,14,3,14\3,II,N4PK*(Mg*),maize,oats,nil,0,*,nil,N4,mid_spring,192,08-05-2017,0,*,192,P,35,26-09-2016,K*,90,26-09-2016,nil,0,*,(Mg*),0,*,12-04-2017,14-09-2017,Severus,26.1,14.08,*
2017,15,3,15\3,II,N5(P)KMg,maize,oats,nil,0,*,nil,N5,mid_spring,240,08-05-2017,0,*,240,(P),0,*,K,90,29-03-2017,(Na),0,*,Mg,12,21-03-2017,12-04-2017,14-09-2017,Severus,24.8,12.89,*
2017,16,3,16\3,II,N6(P)KMg,maize,oats,nil,0,*,nil,N6,mid_spring,288,08-05-2017,0,*,288,(P),0,*,K,90,29-03-2017,(Na),0,*,Mg,12,21-03-2017,12-04-2017,14-09-2017,Severus,24.4,12.91,*
2017,17,3,17\3,II,N1+4+1 PKMg,maize,oats,nil,0,*,nil,N2+4,mid_&_late_spring,96,08-05-2017,192,24-05-2017,288,P,35,26-09-2016,K,90,29-03-2017,1/2 (Na),0,*,Mg,12,21-03-2017,12-04-2017,14-09-2017,Severus,25.1,10.79,*
2017,18,3,18\3,II,N1+2+1 PKMg,maize,oats,nil,0,*,nil,N2+2,mid_&_late_spring,96,08-05-2017,96,24-05-2017,192,P,35,26-09-2016,K,90,29-03-2017,1/2 (Na),0,*,Mg,12,21-03-2017,12-04-2017,14-09-2017,Severus,26.1,12.79,*
2017,19,3,19\3,II,N1+1+1 KMg,maize,oats,nil,0,*,nil,N2+1,mid_&_late_spring,96,08-05-2017,48,24-05-2017,144,nil,0,*,K,90,29-03-2017,nil,0,*,Mg,12,21-03-2017,12-04-2017,14-09-2017,Severus,23.3,7.2,*
