harvest_year,strip,section,plot,section_1926-67,fertilizer_code,crop,previous_crop,fym_factor_level,fym_applied,fym_date,castor_meal_factor_level,n_factor_level,n_timing,spring1_n_kg/ha,spring1_n_date,spring2_n_kg/ha,spring2_n_date,total_fertilizer_n_amount,p_factor_level,p_amount,p_date,k_factor_level,k_amount,k_date,na_factor_level,na_amount,na_date,mg_factor_level,mg_amount,mg_date,sow_date,harvest_date,cultivar,dry_matter_%,yield_100%dm,note
1997,1,3,1\3,II,FYM N4 PK,maize,oats,FYM,35,1996-09-27,nil,N4,mid_spring,192,1997-04-23,0,*,192,P,35.000,1996-09-25,K,90,1996-09-25,nil,0,*,nil,0,*,1997-04-23,1997-09-17,Hudson,36.700,16.360,2
1997,21,3,21\3,II,FYM N2,maize,oats,FYM,35,1996-09-27,nil,N2,mid_spring,96,1997-04-23,0,*,96,nil,0.000,*,nil,0,*,nil,0,*,nil,0,*,1997-04-23,1997-09-17,Hudson,35.800,17.450,"2,15"
1997,22,3,22\3,II,FYM,maize,oats,FYM,35,1996-09-27,nil,nil,*,0,*,0,*,0,nil,0.000,*,nil,0,*,nil,0,*,nil,0,*,1997-04-23,1997-09-17,Hudson,37.400,17.530,"2,15"
1997,3,3,3\3,II,Nil,maize,oats,nil,0,*,nil,nil,*,0,*,0,*,0,nil,0.000,*,nil,0,*,nil,0,*,nil,0,*,1997-04-23,1997-09-17,Hudson,31.700,3.640,2
1997,5,3,5\3,II,PKMg,maize,oats,nil,0,*,nil,nil,*,0,*,0,*,0,P,35.000,1996-09-25,K,90,1996-09-25,(Na),0,*,Mg,0,*,1997-04-23,1997-09-17,Hudson,31.300,4.800,"2,13"
1997,6,3,6\3,II,N1PKMg,maize,oats,nil,0,*,nil,N1,mid_spring,48,1997-04-23,0,*,48,P,35.000,1996-09-25,K,90,1996-09-25,(Na),0,*,Mg,0,*,1997-04-23,1997-09-17,Hudson,36.100,11.850,"2,13"
1997,7,3,7\3,II,N2PKMg,maize,oats,nil,0,*,nil,N2,mid_spring,96,1997-04-23,0,*,96,P,35.000,1996-09-25,K,90,1996-09-25,(Na),0,*,Mg,0,*,1997-04-23,1997-09-17,Hudson,39.200,14.860,"2,13"
1997,8,3,8\3,II,N3PKMg,maize,oats,nil,0,*,nil,N3,mid_spring,144,1997-04-23,0,*,144,P,35.000,1996-09-25,K,90,1996-09-25,(Na),0,*,Mg,0,*,1997-04-23,1997-09-17,Hudson,38.800,18.620,"2,13"
1997,9,3,9\3,II,N4PKMg,maize,oats,nil,0,*,nil,N4,mid_spring,192,1997-04-23,0,*,192,P,35.000,1996-09-25,K,90,1996-09-25,(Na),0,*,Mg,0,*,1997-04-23,1997-09-17,Hudson,41.300,18.500,"2,13"
1997,10,3,10\3,II,N2,maize,oats,nil,0,*,nil,N2,mid_spring,96,1997-04-23,0,*,96,nil,0.000,*,nil,0,*,nil,0,*,nil,0,*,1997-04-23,1997-09-17,Hudson,32.000,5.770,2
1997,11,3,11\3,II,N2P,maize,oats,nil,0,*,nil,N2,mid_spring,96,1997-04-23,0,*,96,P,35.000,1996-09-25,nil,0,*,nil,0,*,nil,0,*,1997-04-23,1997-09-17,Hudson,33.300,6.460,2
1997,12,3,12\3,II,N2PNa*,maize,oats,nil,0,*,nil,N2,mid_spring,96,1997-04-23,0,*,96,P,35.000,1996-09-25,nil,0,*,Na*,55,1996-09-25,nil,0,*,1997-04-23,1997-09-17,Hudson,35.300,8.730,2
1997,13,3,13\3,II,N2PK,maize,oats,nil,0,*,nil,N2,mid_spring,96,1997-04-23,0,*,96,P,35.000,1996-09-25,K,90,1996-09-25,nil,0,*,nil,0,*,1997-04-23,1997-09-17,Hudson,38.300,15.520,2
1997,14,3,14\3,II,N2PKMg*,maize,oats,nil,0,*,nil,N2,mid_spring,96,1997-04-23,0,*,96,P,35.000,1996-09-25,K,90,1996-09-25,nil,0,*,Mg*,30,1996-09-25,1997-04-23,1997-09-17,Hudson,39.100,14.970,2
1997,15,3,15\3,II,N5PKMg,maize,oats,nil,0,*,nil,N5,mid_spring,240,1997-04-23,0,*,240,P,35.000,1996-09-25,K,90,1996-09-25,(Na),0,*,Mg,0,*,1997-04-23,1997-09-17,Hudson,34.300,15.850,"2,13"
1997,16,3,16\3,II,N6PKMg,maize,oats,nil,0,*,nil,N6,mid_spring,288,1997-04-23,0,*,288,P,35.000,1996-09-25,K,90,1996-09-25,(Na),0,*,Mg,0,*,1997-04-23,1997-09-17,Hudson,38.900,18.720,"2,13"
1997,17,3,17\3,II,N0+3 1/2[PKMg],maize,oats,nil,0,*,nil,N3,mid_spring,144,1997-04-23,0,*,144,1/2 P,17.500,1996-09-25,1/2 K,45,1996-09-25,1/2 (Na),0,*,1/2 Mg,0,*,1997-04-23,1997-09-17,Hudson,36.300,15.810,"1,2"
1997,18,3,18\3,II,N1+3 1/2[PKMg],maize,oats,nil,0,*,nil,N3,mid_spring,144,1997-04-23,0,*,144,1/2 P,17.500,1996-09-25,1/2 K,45,1996-09-25,1/2 (Na),0,*,1/2 Mg,0,*,1997-04-23,1997-09-17,Hudson,36.500,16.350,"1,2"
1997,19,3,19\3,II,(C) ,maize,oats,nil,0,*,(C) ,nil,*,0,*,0,*,0,nil,0.000,*,nil,0,*,nil,0,*,nil,0,*,1997-04-23,1997-09-17,Hudson,33.200,5.440,2
1998,1,2,1\2,II,FYM N4 PK,maize,oats,FYM,35,1997-10-14,nil,N4,mid_spring,0,1998-05-07,0,*,192,P,35.000,1997-10-13,K,90,1997-10-13,nil,0,*,nil,0,*,1998-05-07,1998-09-16,Hudson,25.900,15.380,*
1998,21,2,21\2,II,FYM N2,maize,oats,FYM,35,1997-10-14,nil,N2,mid_spring,0,1998-05-07,0,*,96,nil,0.000,*,nil,0,*,nil,0,*,nil,0,*,1998-05-07,1998-09-16,Hudson,29.100,17.790,15
1998,22,2,22\2,II,FYM,maize,oats,FYM,35,1997-10-14,nil,nil,*,0,*,0,*,0,nil,0.000,*,nil,0,*,nil,0,*,nil,0,*,1998-05-07,1998-09-16,Hudson,30.200,14.910,16
1998,3,2,3\2,II,Nil,maize,oats,nil,0,*,nil,nil,*,0,*,0,*,0,nil,0.000,*,nil,0,*,nil,0,*,nil,0,*,1998-05-07,1998-09-16,Hudson,23.900,3.080,*
1998,5,2,5\2,II,PKMg,maize,oats,nil,0,*,nil,nil,*,0,*,0,*,0,P,35.000,1997-10-13,K,90,1997-10-13,(Na),0,*,Mg,30,1997-10-13,1998-05-07,1998-09-16,Hudson,26.900,4.290,"13,14"
1998,6,2,6\2,II,N1PKMg,maize,oats,nil,0,*,nil,N1,mid_spring,48,1998-05-07,0,*,48,P,35.000,1997-10-13,K,90,1997-10-13,(Na),0,*,Mg,30,1997-10-13,1998-05-07,1998-09-16,Hudson,27.600,9.520,"13,14"
1998,7,2,7\2,II,N2PKMg,maize,oats,nil,0,*,nil,N2,mid_spring,96,1998-05-07,0,*,96,P,35.000,1997-10-13,K,90,1997-10-13,(Na),0,*,Mg,30,1997-10-13,1998-05-07,1998-09-16,Hudson,28.500,13.530,"13,14"
1998,8,2,8\2,II,N3PKMg,maize,oats,nil,0,*,nil,N3,mid_spring,144,1998-05-07,0,*,144,P,35.000,1997-10-13,K,90,1997-10-13,(Na),0,*,Mg,30,1997-10-13,1998-05-07,1998-09-16,Hudson,26.200,11.830,"13,14"
1998,9,2,9\2,II,N4PKMg,maize,oats,nil,0,*,nil,N4,mid_spring,192,1998-05-07,0,*,192,P,35.000,1997-10-13,K,90,1997-10-13,(Na),0,*,Mg,30,1997-10-13,1998-05-07,1998-09-16,Hudson,24.400,13.310,"13,14"
1998,10,2,10\2,II,N2,maize,oats,nil,0,*,nil,N2,mid_spring,96,1998-05-07,0,*,96,nil,0.000,*,nil,0,*,nil,0,*,nil,0,*,1998-05-07,1998-09-16,Hudson,23.600,7.220,*
1998,11,2,11\2,II,N2P,maize,oats,nil,0,*,nil,N2,mid_spring,96,1998-05-07,0,*,96,P,35.000,1997-10-13,nil,0,*,nil,0,*,nil,0,*,1998-05-07,1998-09-16,Hudson,21.500,3.860,*
1998,12,2,12\2,II,N2PNa*,maize,oats,nil,0,*,nil,N2,mid_spring,96,1998-05-07,0,*,96,P,35.000,1997-10-13,nil,0,*,Na*,55,1997-10-13,nil,0,*,1998-05-07,1998-09-16,Hudson,24.100,6.270,*
1998,13,2,13\2,II,N2PK,maize,oats,nil,0,*,nil,N2,mid_spring,96,1998-05-07,0,*,96,P,35.000,1997-10-13,K,90,1997-10-13,nil,0,*,nil,0,*,1998-05-07,1998-09-16,Hudson,23.900,10.460,*
1998,14,2,14\2,II,N2PKMg*,maize,oats,nil,0,*,nil,N2,mid_spring,96,1998-05-07,0,*,96,P,35.000,1997-10-13,K,90,1997-10-13,nil,0,*,Mg*,30,1997-10-13,1998-05-07,1998-09-16,Hudson,20.700,8.220,*
1998,15,2,15\2,II,N5PKMg,maize,oats,nil,0,*,nil,N5,mid_spring,240,1998-05-07,0,*,240,P,35.000,1997-10-13,K,90,1997-10-13,(Na),0,*,Mg,30,1997-10-13,1998-05-07,1998-09-16,Hudson,21.200,11.020,"13,14"
1998,16,2,16\2,II,N6PKMg,maize,oats,nil,0,*,nil,N6,mid_spring,288,1998-05-07,0,*,288,P,35.000,1997-10-13,K,90,1997-10-13,(Na),0,*,Mg,30,1997-10-13,1998-05-07,1998-09-16,Hudson,20.200,11.130,"13,14"
1998,17,2,17\2,II,N1+3 1/2[PKMg],maize,oats,nil,0,*,nil,N3,mid_spring,144,1998-05-07,0,*,144,1/2 P,17.500,1997-10-13,1/2 K,45,1997-10-13,1/2 (Na),0,*,1/2 Mg,15,1997-10-13,1998-05-07,1998-09-16,Hudson,22.400,11.280,1
1998,18,2,18\2,II,N0+3 1/2[PKMg],maize,oats,nil,0,*,nil,N3,mid_spring,144,1998-05-07,0,*,144,1/2 P,17.500,1997-10-13,1/2 K,45,1997-10-13,1/2 (Na),0,*,1/2 Mg,15,1997-10-13,1998-05-07,1998-09-16,Hudson,21.000,11.080,1
1998,19,2,19\2,II,(C) ,maize,oats,nil,0,*,(C) ,nil,*,0,*,0,*,0,nil,0.000,*,nil,0,*,nil,0,*,nil,0,*,1998-05-07,1998-09-16,Hudson,21.500,2.680,*
1999,1,7,1\7,IV,FYM N4 PK,maize,oats,FYM,35,1998-09-25,nil,N4,mid_spring,0,1999-05-05,0,*,192,P,35.000,1998-09-22,K,90,1998-09-23,nil,0,*,nil,0,*,1999-05-05,1999-09-20,Hudson,30.100,20.150,*
1999,21,7,21\7,IV,FYM N2,maize,oats,FYM,35,1998-09-25,nil,N2,mid_spring,0,1999-05-05,0,*,96,nil,0.000,*,nil,0,*,nil,0,*,nil,0,*,1999-05-05,1999-09-20,Hudson,25.800,17.070,15
1999,22,7,22\7,IV,FYM,maize,oats,FYM,35,1998-09-25,nil,nil,*,0,*,0,*,0,nil,0.000,*,nil,0,*,nil,0,*,nil,0,*,1999-05-05,1999-09-20,Hudson,28.400,14.730,16
1999,3,7,3\7,IV,Nil,maize,oats,nil,0,*,nil,nil,*,0,*,0,*,0,nil,0.000,*,nil,0,*,nil,0,*,nil,0,*,1999-05-05,1999-09-20,Hudson,21.200,2.790,*
1999,5,7,5\7,IV,PKMg,maize,oats,nil,0,*,nil,nil,*,0,*,0,*,0,P,35.000,1998-09-22,K,90,1998-09-23,(Na),0,*,Mg,0,*,1999-05-05,1999-09-20,Hudson,20.400,1.940,13
1999,6,7,6\7,IV,N1PKMg,maize,oats,nil,0,*,nil,N1,mid_spring,48,1999-05-05,0,*,48,P,35.000,1998-09-22,K,90,1998-09-23,(Na),0,*,Mg,0,*,1999-05-05,1999-09-20,Hudson,23.100,5.650,13
1999,7,7,7\7,IV,N2PKMg,maize,oats,nil,0,*,nil,N2,mid_spring,96,1999-05-05,0,*,96,P,35.000,1998-09-22,K,90,1998-09-23,(Na),0,*,Mg,0,*,1999-05-05,1999-09-20,Hudson,23.800,11.620,13
1999,8,7,8\7,IV,N3PKMg,maize,oats,nil,0,*,nil,N3,mid_spring,144,1999-05-05,0,*,144,P,35.000,1998-09-22,K,90,1998-09-23,(Na),0,*,Mg,0,*,1999-05-05,1999-09-20,Hudson,26.100,14.830,13
1999,9,7,9\7,IV,N4PKMg,maize,oats,nil,0,*,nil,N4,mid_spring,192,1999-05-05,0,*,192,P,35.000,1998-09-22,K,90,1998-09-23,(Na),0,*,Mg,0,*,1999-05-05,1999-09-20,Hudson,25.700,16.810,13
1999,10,7,10\7,IV,N2,maize,oats,nil,0,*,nil,N2,mid_spring,96,1999-05-05,0,*,96,nil,0.000,*,nil,0,*,nil,0,*,nil,0,*,1999-05-05,1999-09-20,Hudson,25.600,7.630,*
1999,11,7,11\7,IV,N2P,maize,oats,nil,0,*,nil,N2,mid_spring,96,1999-05-05,0,*,96,P,35.000,1998-09-22,nil,0,*,nil,0,*,nil,0,*,1999-05-05,1999-09-20,Hudson,26.100,7.250,*
1999,12,7,12\7,IV,N2PNa*,maize,oats,nil,0,*,nil,N2,mid_spring,96,1999-05-05,0,*,96,P,35.000,1998-09-22,nil,0,*,Na*,55,1998-09-23,nil,0,*,1999-05-05,1999-09-20,Hudson,26.700,7.850,*
1999,13,7,13\7,IV,N2PK,maize,oats,nil,0,*,nil,N2,mid_spring,96,1999-05-05,0,*,96,P,35.000,1998-09-22,K,90,1998-09-23,nil,0,*,nil,0,*,1999-05-05,1999-09-20,Hudson,26.000,9.570,*
1999,14,7,14\7,IV,N2PKMg*,maize,oats,nil,0,*,nil,N2,mid_spring,96,1999-05-05,0,*,96,P,35.000,1998-09-22,K,90,1998-09-23,nil,0,*,Mg*,30,1998-09-23,1999-05-05,1999-09-20,Hudson,28.900,9.980,*
1999,15,7,15\7,IV,N5PKMg,maize,oats,nil,0,*,nil,N5,mid_spring,240,1999-05-05,0,*,240,P,35.000,1998-09-22,K,90,1998-09-23,(Na),0,*,Mg,0,*,1999-05-05,1999-09-20,Hudson,30.700,16.300,13
1999,16,7,16\7,IV,N6PKMg,maize,oats,nil,0,*,nil,N6,mid_spring,288,1999-05-05,0,*,288,P,35.000,1998-09-22,K,90,1998-09-23,(Na),0,*,Mg,0,*,1999-05-05,1999-09-20,Hudson,26.800,14.280,13
1999,17,7,17\7,IV,N0+3 1/2[PKMg],maize,oats,nil,0,*,nil,N3,mid_spring,144,1999-05-05,0,*,144,1/2 P,17.500,1998-09-22,1/2 K,45,1998-09-23,1/2 (Na),0,*,1/2 Mg,0,*,1999-05-05,1999-09-20,Hudson,28.500,15.200,1
1999,18,7,18\7,IV,N1+3 1/2[PKMg],maize,oats,nil,0,*,nil,N3,mid_spring,144,1999-05-05,0,*,144,1/2 P,17.500,1998-09-22,1/2 K,45,1998-09-23,1/2 (Na),0,*,1/2 Mg,0,*,1999-05-05,1999-09-20,Hudson,29.600,15.680,1
1999,19,7,19\7,IV,(C) ,maize,oats,nil,0,*,(C) ,nil,*,0,*,0,*,0,nil,0.000,*,nil,0,*,nil,0,*,nil,0,*,1999-05-05,1999-09-20,Hudson,23.800,3.100,*
2000,1,4,1\4,III,FYM N4 PK,maize,oats,FYM,35,1999-09-24,nil,N4,mid_spring,192,2000-05-16,0,*,192,P,35.000,1999-09-23,K,90,1999-09-23,nil,0,*,nil,0,*,2000-05-16,2000-09-14,Hudson,24.900,12.800,*
2000,21,4,21\4,III,FYM N2,maize,oats,FYM,35,1999-09-24,nil,N2,mid_spring,96,2000-05-16,0,*,96,nil,0.000,*,nil,0,*,nil,0,*,nil,0,*,2000-05-16,2000-09-14,Hudson,24.000,10.340,15
2000,22,4,22\4,III,FYM,maize,oats,FYM,35,1999-09-24,nil,nil,*,0,*,0,*,0,nil,0.000,*,nil,0,*,nil,0,*,nil,0,*,2000-05-16,2000-09-14,Hudson,23.200,9.700,16
2000,3,4,3\4,III,Nil,maize,oats,nil,0,*,nil,nil,*,0,*,0,*,0,nil,0.000,*,nil,0,*,nil,0,*,nil,0,*,2000-05-16,2000-09-14,Hudson,22.000,1.980,*
2000,5,4,5\4,III,PKMg,maize,oats,nil,0,*,nil,nil,*,0,*,0,*,0,P,35.000,1999-09-23,K,90,1999-09-23,(Na),0,*,Mg,0,*,2000-05-16,2000-09-14,Hudson,20.800,2.400,13
2000,6,4,6\4,III,N1PKMg,maize,oats,nil,0,*,nil,N1,mid_spring,48,2000-05-16,0,*,48,P,35.000,1999-09-23,K,90,1999-09-23,(Na),0,*,Mg,0,*,2000-05-16,2000-09-14,Hudson,24.800,6.050,13
2000,7,4,7\4,III,N2PKMg,maize,oats,nil,0,*,nil,N2,mid_spring,96,2000-05-16,0,*,96,P,35.000,1999-09-23,K,90,1999-09-23,(Na),0,*,Mg,0,*,2000-05-16,2000-09-14,Hudson,24.500,9.550,13
2000,8,4,8\4,III,N3PKMg,maize,oats,nil,0,*,nil,N3,mid_spring,144,2000-05-16,0,*,144,P,35.000,1999-09-23,K,90,1999-09-23,(Na),0,*,Mg,0,*,2000-05-16,2000-09-14,Hudson,24.300,10.780,13
2000,9,4,9\4,III,N4PKMg,maize,oats,nil,0,*,nil,N4,mid_spring,192,2000-05-16,0,*,192,P,35.000,1999-09-23,K,90,1999-09-23,(Na),0,*,Mg,0,*,2000-05-16,2000-09-14,Hudson,23.600,10.770,13
2000,10,4,10\4,III,N2,maize,oats,nil,0,*,nil,N2,mid_spring,96,2000-05-16,0,*,96,nil,0.000,*,nil,0,*,nil,0,*,nil,0,*,2000-05-16,2000-09-14,Hudson,20.900,3.990,*
2000,11,4,11\4,III,N2P,maize,oats,nil,0,*,nil,N2,mid_spring,96,2000-05-16,0,*,96,P,35.000,1999-09-23,nil,0,*,nil,0,*,nil,0,*,2000-05-16,2000-09-14,Hudson,24.300,5.830,*
2000,12,4,12\4,III,N2PNa*,maize,oats,nil,0,*,nil,N2,mid_spring,96,2000-05-16,0,*,96,P,35.000,1999-09-23,nil,0,*,Na*,55,1999-09-23,nil,0,*,2000-05-16,2000-09-14,Hudson,24.100,6.340,*
2000,13,4,13\4,III,N2PK,maize,oats,nil,0,*,nil,N2,mid_spring,96,2000-05-16,0,*,96,P,35.000,1999-09-23,K,90,1999-09-23,nil,0,*,nil,0,*,2000-05-16,2000-09-14,Hudson,26.300,9.270,*
2000,14,4,14\4,III,N2PKMg*,maize,oats,nil,0,*,nil,N2,mid_spring,96,2000-05-16,0,*,96,P,35.000,1999-09-23,K,90,1999-09-23,nil,0,*,Mg*,30,1999-09-23,2000-05-16,2000-09-14,Hudson,27.100,10.630,*
2000,15,4,15\4,III,N5PKMg,maize,oats,nil,0,*,nil,N5,mid_spring,240,2000-05-16,0,*,240,P,35.000,1999-09-23,K,90,1999-09-23,(Na),0,*,Mg,0,*,2000-05-16,2000-09-14,Hudson,22.200,11.770,13
2000,16,4,16\4,III,N6PKMg,maize,oats,nil,0,*,nil,N6,mid_spring,288,2000-05-16,0,*,288,P,35.000,1999-09-23,K,90,1999-09-23,(Na),0,*,Mg,0,*,2000-05-16,2000-09-14,Hudson,23.300,13.750,13
2000,17,4,17\4,III,N0+3 1/2[PKMg],maize,oats,nil,0,*,nil,N3,mid_spring,144,2000-05-16,0,*,144,1/2 P,17.500,1999-09-23,1/2 K,45,1999-09-23,1/2 (Na),0,*,1/2 Mg,0,*,2000-05-16,2000-09-14,Hudson,23.000,10.890,1
2000,18,4,18\4,III,N1+3 1/2[PKMg],maize,oats,nil,0,*,nil,N3,mid_spring,144,2000-05-16,0,*,144,1/2 P,17.500,1999-09-23,1/2 K,45,1999-09-23,1/2 (Na),0,*,1/2 Mg,0,*,2000-05-16,2000-09-14,Hudson,23.900,10.600,1
2000,19,4,19\4,III,(C) ,maize,oats,nil,0,*,(C) ,nil,*,0,*,0,*,0,nil,0.000,*,nil,0,*,nil,0,*,nil,0,*,2000-05-16,2000-09-14,Hudson,22.500,2.970,*
2001,1,5,1\5,III,(FYM) N4 ,maize,oats,(FYM),0,*,nil,N4,mid_spring,192,2001-05-31,0,*,192,nil,0.000,*,nil,0,*,nil,0,*,nil,0,*,2001-05-21,2001-09-10,Hudson,25.700,13.670,7
2001,21,5,21\5,III,FYM N2,maize,oats,FYM,35,2000-10-04,nil,N2,mid_spring,96,2001-05-31,0,*,96,nil,0.000,*,nil,0,*,nil,0,*,nil,0,*,2001-05-21,2001-09-10,Hudson,28.000,13.540,15
2001,22,5,22\5,III,FYM,maize,oats,FYM,35,2000-10-04,nil,nil,*,0,*,0,*,0,nil,0.000,*,nil,0,*,nil,0,*,nil,0,*,2001-05-21,2001-09-10,Hudson,25.900,9.430,16
2001,3,5,3\5,III,Nil,maize,oats,nil,0,*,nil,nil,*,0,*,0,*,0,nil,0.000,*,nil,0,*,nil,0,*,nil,0,*,2001-05-21,2001-09-10,Hudson,20.700,2.290,*
2001,5,5,5\5,III,(P)KMg,maize,oats,nil,0,*,nil,nil,*,0,*,0,*,0,(P),0.000,*,K,90,2000-10-04,(Na),0,*,Mg,12,2000-10-04,2001-05-21,2001-09-10,Hudson,21.100,1.710,*
2001,6,5,6\5,III,N1(P)KMg,maize,oats,nil,0,*,nil,N1,mid_spring,48,2001-05-31,0,*,48,(P),0.000,*,K,90,2000-10-04,(Na),0,*,Mg,12,2000-10-04,2001-05-21,2001-09-10,Hudson,24.400,7.570,*
2001,7,5,7\5,III,N2(P)KMg,maize,oats,nil,0,*,nil,N2,mid_spring,96,2001-05-31,0,*,96,(P),0.000,*,K,90,2000-10-04,(Na),0,*,Mg,12,2000-10-04,2001-05-21,2001-09-10,Hudson,25.300,11.800,*
2001,8,5,8\5,III,N3(P)KMg,maize,oats,nil,0,*,nil,N3,mid_spring,144,2001-05-31,0,*,144,(P),0.000,*,K,90,2000-10-04,(Na),0,*,Mg,12,2000-10-04,2001-05-21,2001-09-10,Hudson,22.000,10.270,*
2001,9,5,9\5,III,N4(P)KMg,maize,oats,nil,0,*,nil,N4,mid_spring,192,2001-05-31,0,*,192,(P),0.000,*,K,90,2000-10-04,(Na),0,*,Mg,12,2000-10-04,2001-05-21,2001-09-10,Hudson,19.000,7.960,*
2001,10,5,10\5,III,N4,maize,oats,nil,0,*,nil,N4,mid_spring,192,2001-05-31,0,*,192,nil,0.000,*,nil,0,*,nil,0,*,nil,0,*,2001-05-21,2001-09-10,Hudson,18.300,2.730,4
2001,11,5,11\5,III,N4PMg,maize,oats,nil,0,*,nil,N4,mid_spring,192,2001-05-31,0,*,192,P,35.000,2000-10-02,nil,0,*,nil,0,*,Mg,12,2000-10-04,2001-05-21,2001-09-10,Hudson,16.900,4.110,4
2001,12,5,12\5,III,N1+3+1(P)K2Mg2,maize,oats,nil,0,*,nil,N2+3,mid_&_late_spring,96,2001-05-31,144,2001-06-25,240,(P),0.000,*,K2,630,2000-10-04,(Na*),0,*,Mg2,84,2000-10-04,2001-05-21,2001-09-10,Hudson,19.000,6.800,3
2001,13,5,13\5,III,N4PK,maize,oats,nil,0,*,nil,N4,mid_spring,192,2001-05-31,0,*,192,P,35.000,2000-10-02,K,90,2000-10-04,nil,0,*,nil,0,*,2001-05-21,2001-09-10,Hudson,18.000,6.770,4
2001,14,5,14\5,III,N4PK*(Mg*),maize,oats,nil,0,*,nil,N4,mid_spring,192,2001-05-31,0,*,192,P,35.000,2000-10-02,K*,90,2000-10-04,nil,0,*,(Mg*),0,*,2001-05-21,2001-09-10,Hudson,19.200,8.840,4
2001,15,5,15\5,III,N5(P)KMg,maize,oats,nil,0,*,nil,N5,mid_spring,240,2001-05-31,0,*,240,(P),0.000,*,K,90,2000-10-04,(Na),0,*,Mg,12,2000-10-04,2001-05-21,2001-09-10,Hudson,16.900,6.430,*
2001,16,5,16\5,III,N6(P)KMg,maize,oats,nil,0,*,nil,N6,mid_spring,288,2001-05-31,0,*,288,(P),0.000,*,K,90,2000-10-04,(Na),0,*,Mg,12,2000-10-04,2001-05-21,2001-09-10,Hudson,18.700,7.760,*
2001,17,5,17\5,III,N1+4+1 PKMg,maize,oats,nil,0,*,nil,N2+4,mid_&_late_spring,96,2001-05-31,192,2001-06-25,288,P,35.000,2000-10-02,K,90,2000-10-04,1/2 (Na),0,*,Mg,12,2000-10-04,2001-05-21,2001-09-10,Hudson,17.600,6.450,5
2001,18,5,18\5,III,N1+2+1 PKMg,maize,oats,nil,0,*,nil,N2+2,mid_&_late_spring,96,2001-05-31,96,2001-06-25,192,P,35.000,2000-10-02,K,90,2000-10-04,1/2 (Na),0,*,Mg,12,2000-10-04,2001-05-21,2001-09-10,Hudson,19.100,7.420,5
2001,19,5,19\5,III,N1+1+1 KMg,maize,oats,nil,0,*,nil,N2+1,mid_&_late_spring,96,2001-05-31,48,2001-06-25,144,nil,0.000,*,K,90,2000-10-04,nil,0,*,Mg,12,2000-10-04,2001-05-21,2001-09-10,Hudson,19.000,5.200,6
2002,1,3,1\3,II,(FYM) N4 ,maize,oats,(FYM),0,*,nil,N4,mid_spring,192,2002-05-02,0,*,192,nil,0.000,*,nil,0,*,nil,0,*,nil,0,*,2002-05-03,2002-09-11,Hudson,26.900,10.650,*
2002,21,3,21\3,II,FYM N2,maize,oats,FYM,35,2001-09-12,nil,N2,mid_spring,96,2002-05-02,0,*,96,nil,0.000,*,nil,0,*,nil,0,*,nil,0,*,2002-05-03,2002-09-11,Hudson,25.100,7.680,15
2002,22,3,22\3,II,FYM,maize,oats,FYM,35,2001-09-12,nil,nil,*,0,*,0,*,0,nil,0.000,*,nil,0,*,nil,0,*,nil,0,*,2002-05-03,2002-09-11,Hudson,24.900,8.410,16
2002,3,3,3\3,II,Nil,maize,oats,nil,0,*,nil,nil,*,0,*,0,*,0,nil,0.000,*,nil,0,*,nil,0,*,nil,0,*,2002-05-03,2002-09-11,Hudson,21.700,2.530,*
2002,5,3,5\3,II,(P)KMg,maize,oats,nil,0,*,nil,nil,*,0,*,0,*,0,(P),0.000,*,K,90,2002-02-07,(Na),0,*,Mg,12,2002-03-08,2002-05-03,2002-09-11,Hudson,22.800,1.940,*
2002,6,3,6\3,II,N1(P)KMg,maize,oats,nil,0,*,nil,N1,mid_spring,48,2002-05-02,0,*,48,(P),0.000,*,K,90,2002-02-07,(Na),0,*,Mg,12,2002-03-08,2002-05-03,2002-09-11,Hudson,26.300,8.820,*
2002,7,3,7\3,II,N2(P)KMg,maize,oats,nil,0,*,nil,N2,mid_spring,96,2002-05-02,0,*,96,(P),0.000,*,K,90,2002-02-07,(Na),0,*,Mg,12,2002-03-08,2002-05-03,2002-09-11,Hudson,26.800,10.700,*
2002,8,3,8\3,II,N3(P)KMg,maize,oats,nil,0,*,nil,N3,mid_spring,144,2002-05-02,0,*,144,(P),0.000,*,K,90,2002-02-07,(Na),0,*,Mg,12,2002-03-08,2002-05-03,2002-09-11,Hudson,26.600,12.410,*
2002,9,3,9\3,II,N4(P)KMg,maize,oats,nil,0,*,nil,N4,mid_spring,192,2002-05-02,0,*,192,(P),0.000,*,K,90,2002-02-07,(Na),0,*,Mg,12,2002-03-08,2002-05-03,2002-09-11,Hudson,26.200,13.600,*
2002,10,3,10\3,II,N4,maize,oats,nil,0,*,nil,N4,mid_spring,192,2002-05-02,0,*,192,nil,0.000,*,nil,0,*,nil,0,*,nil,0,*,2002-05-03,2002-09-11,Hudson,19.400,0.670,*
2002,11,3,11\3,II,N4PMg,maize,oats,nil,0,*,nil,N4,mid_spring,192,2002-05-02,0,*,192,P,35.000,2001-09-12,nil,0,*,nil,0,*,Mg,12,2002-03-08,2002-05-03,2002-09-11,Hudson,24.500,4.600,*
2002,12,3,12\3,II,N1+3+1(P)K2Mg2,maize,oats,nil,0,*,nil,N2+3,mid_&_late_spring,96,2002-05-02,144,2002-05-23,240,(P),0.000,*,K2,180,2002-02-07,(Na*),0,*,Mg2,24,2002-03-08,2002-05-03,2002-09-11,Hudson,27.200,12.050,*
2002,13,3,13\3,II,N4PK,maize,oats,nil,0,*,nil,N4,mid_spring,192,2002-05-02,0,*,192,P,35.000,2001-09-12,K,90,2002-02-07,nil,0,*,nil,0,*,2002-05-03,2002-09-11,Hudson,26.200,12.370,*
2002,14,3,14\3,II,N4PK*(Mg*),maize,oats,nil,0,*,nil,N4,mid_spring,192,2002-05-02,0,*,192,P,35.000,2001-09-12,K*,90,2001-09-12,nil,0,*,(Mg*),0,*,2002-05-03,2002-09-11,Hudson,26.800,13.450,*
2002,15,3,15\3,II,N5(P)KMg,maize,oats,nil,0,*,nil,N5,mid_spring,240,2002-05-02,0,*,240,(P),0.000,*,K,90,2002-02-07,(Na),0,*,Mg,12,2002-03-08,2002-05-03,2002-09-11,Hudson,26.800,12.770,*
2002,16,3,16\3,II,N6(P)KMg,maize,oats,nil,0,*,nil,N6,mid_spring,288,2002-05-02,0,*,288,(P),0.000,*,K,90,2002-02-07,(Na),0,*,Mg,12,2002-03-08,2002-05-03,2002-09-11,Hudson,24.900,12.730,*
2002,17,3,17\3,II,N1+4+1 PKMg,maize,oats,nil,0,*,nil,N2+4,mid_&_late_spring,96,2002-05-02,192,2002-05-23,288,P,35.000,2001-09-12,K,90,2002-02-07,1/2 (Na),0,*,Mg,12,2002-03-08,2002-05-03,2002-09-11,Hudson,25.700,11.940,*
2002,18,3,18\3,II,N1+2+1 PKMg,maize,oats,nil,0,*,nil,N2+2,mid_&_late_spring,96,2002-05-02,96,2002-05-23,192,P,35.000,2001-09-12,K,90,2002-02-07,1/2 (Na),0,*,Mg,12,2002-03-08,2002-05-03,2002-09-11,Hudson,26.100,11.230,*
2002,19,3,19\3,II,N1+1+1 KMg,maize,oats,nil,0,*,nil,N2+1,mid_&_late_spring,96,2002-05-02,48,2002-05-23,144,nil,0.000,*,K,90,2002-02-07,nil,0,*,Mg,12,2002-03-08,2002-05-03,2002-09-11,Hudson,26.400,6.160,*
2003,1,2,1\2,II,(FYM) N4 ,maize,oats,(FYM),0,*,nil,N4,mid_spring,192,2003-05-07,0,*,192,nil,0.000,*,nil,0,*,nil,0,*,nil,0,*,2003-05-08,2003-08-20,Hudson,26.000,8.570,*
2003,21,2,21\2,II,FYM N2,maize,oats,FYM,35,2002-10-02,nil,N2,mid_spring,96,2003-05-07,0,*,96,nil,0.000,*,nil,0,*,nil,0,*,nil,0,*,2003-05-08,2003-08-20,Hudson,26.600,10.620,15
2003,22,2,22\2,II,FYM,maize,oats,FYM,35,2002-10-02,nil,nil,*,0,*,0,*,0,nil,0.000,*,nil,0,*,nil,0,*,nil,0,*,2003-05-08,2003-08-20,Hudson,28.000,9.970,16
2003,3,2,3\2,II,Nil,maize,oats,nil,0,*,nil,nil,*,0,*,0,*,0,nil,0.000,*,nil,0,*,nil,0,*,nil,0,*,2003-05-08,2003-08-20,Hudson,24.900,2.100,*
2003,5,2,5\2,II,(P)KMg,maize,oats,nil,0,*,nil,nil,*,0,*,0,*,0,(P),0.000,*,K,90,2003-02-20,(Na),0,*,Mg,12,2003-02-19,2003-05-08,2003-08-20,Hudson,24.000,3.850,*
2003,6,2,6\2,II,N1(P)KMg,maize,oats,nil,0,*,nil,N1,mid_spring,48,2003-05-07,0,*,48,(P),0.000,*,K,90,2003-02-20,(Na),0,*,Mg,12,2003-02-19,2003-05-08,2003-08-20,Hudson,26.900,6.490,*
2003,7,2,7\2,II,N2(P)KMg,maize,oats,nil,0,*,nil,N2,mid_spring,96,2003-05-07,0,*,96,(P),0.000,*,K,90,2003-02-20,(Na),0,*,Mg,12,2003-02-19,2003-05-08,2003-08-20,Hudson,26.800,7.270,*
2003,8,2,8\2,II,N3(P)KMg,maize,oats,nil,0,*,nil,N3,mid_spring,144,2003-05-07,0,*,144,(P),0.000,*,K,90,2003-02-20,(Na),0,*,Mg,12,2003-02-19,2003-05-08,2003-08-20,Hudson,27.800,7.320,*
2003,9,2,9\2,II,N4(P)KMg,maize,oats,nil,0,*,nil,N4,mid_spring,192,2003-05-07,0,*,192,(P),0.000,*,K,90,2003-02-20,(Na),0,*,Mg,12,2003-02-19,2003-05-08,2003-08-20,Hudson,27.900,9.070,*
2003,10,2,10\2,II,N4,maize,oats,nil,0,*,nil,N4,mid_spring,192,2003-05-07,0,*,192,nil,0.000,*,nil,0,*,nil,0,*,nil,0,*,2003-05-08,2003-08-20,Hudson,21.200,1.880,*
2003,11,2,11\2,II,N4PMg,maize,oats,nil,0,*,nil,N4,mid_spring,192,2003-05-07,0,*,192,P,35.000,2002-10-01,nil,0,*,nil,0,*,Mg,12,2003-02-19,2003-05-08,2003-08-20,Hudson,25.100,4.870,*
2003,12,2,12\2,II,N1+3+1(P)K2Mg2,maize,oats,nil,0,*,nil,N2+3,mid_&_late_spring,96,2003-05-07,144,2003-06-12,240,(P),0.000,*,K2,180,2003-02-20,(Na*),0,*,Mg2,24,2003-02-19,2003-05-08,2003-08-20,Hudson,27.200,7.920,*
2003,13,2,13\2,II,N4PK,maize,oats,nil,0,*,nil,N4,mid_spring,192,2003-05-07,0,*,192,P,35.000,2002-10-01,K,90,2003-02-20,nil,0,*,nil,0,*,2003-05-08,2003-08-20,Hudson,27.400,8.430,*
2003,14,2,14\2,II,N4PK*(Mg*),maize,oats,nil,0,*,nil,N4,mid_spring,192,2003-05-07,0,*,192,P,35.000,2002-10-01,K*,90,2002-10-01,nil,0,*,(Mg*),0,*,2003-05-08,2003-08-20,Hudson,28.000,8.350,*
2003,15,2,15\2,II,N5(P)KMg,maize,oats,nil,0,*,nil,N5,mid_spring,240,2003-05-07,0,*,240,(P),0.000,*,K,90,2003-02-20,(Na),0,*,Mg,12,2003-02-19,2003-05-08,2003-08-20,Hudson,27.600,8.230,*
2003,16,2,16\2,II,N6(P)KMg,maize,oats,nil,0,*,nil,N6,mid_spring,288,2003-05-07,0,*,288,(P),0.000,*,K,90,2003-02-20,(Na),0,*,Mg,12,2003-02-19,2003-05-08,2003-08-20,Hudson,26.300,8.560,*
2003,17,2,17\2,II,N1+4+1 PKMg,maize,oats,nil,0,*,nil,N2+4,mid_&_late_spring,96,2003-05-07,192,2003-06-12,288,P,35.000,2002-10-01,K,90,2003-02-20,1/2 (Na),0,*,Mg,12,2003-02-19,2003-05-08,2003-08-20,Hudson,25.600,7.570,*
2003,18,2,18\2,II,N1+2+1 PKMg,maize,oats,nil,0,*,nil,N2+2,mid_&_late_spring,96,2003-05-07,96,2003-06-12,192,P,35.000,2002-10-01,K,90,2003-02-20,1/2 (Na),0,*,Mg,12,2003-02-19,2003-05-08,2003-08-20,Hudson,25.500,7.360,*
2003,19,2,19\2,II,N1+1+1 KMg,maize,oats,nil,0,*,nil,N2+1,mid_&_late_spring,96,2003-05-07,48,2003-06-12,144,nil,0.000,*,K,90,2003-02-20,nil,0,*,Mg,12,2003-02-19,2003-05-08,2003-08-20,Hudson,27.200,7.070,*
2004,1,7,1\7,IV,(FYM) N4 ,maize,oats,(FYM),0,*,nil,N4,mid_spring,192,2004-05-13,0,*,192,nil,0.000,*,nil,0,*,nil,0,*,nil,0,*,2004-05-20,2004-09-20,Hudson,31.500,23.130,*
2004,21,7,21\7,IV,FYM N2,maize,oats,FYM,35,2003-09-25,nil,N2,mid_spring,96,2004-05-13,0,*,96,nil,0.000,*,nil,0,*,nil,0,*,nil,0,*,2004-05-20,2004-09-20,Hudson,30.100,17.550,15
2004,22,7,22\7,IV,FYM,maize,oats,FYM,35,2003-09-25,nil,nil,*,0,*,0,*,0,nil,0.000,*,nil,0,*,nil,0,*,nil,0,*,2004-05-20,2004-09-20,Hudson,31.800,16.780,16
2004,3,7,3\7,IV,Nil,maize,oats,nil,0,*,nil,nil,*,0,*,0,*,0,nil,0.000,*,nil,0,*,nil,0,*,nil,0,*,2004-05-20,2004-09-20,Hudson,22.800,1.560,*
2004,5,7,5\7,IV,(P)KMg,maize,oats,nil,0,*,nil,nil,*,0,*,0,*,0,(P),0.000,*,K,90,2004-02-23,(Na),0,*,Mg,12,2004-02-23,2004-05-20,2004-09-20,Hudson,20.900,0.970,*
2004,6,7,6\7,IV,N1(P)KMg,maize,oats,nil,0,*,nil,N1,mid_spring,48,2004-05-13,0,*,48,(P),0.000,*,K,90,2004-02-23,(Na),0,*,Mg,12,2004-02-23,2004-05-20,2004-09-20,Hudson,25.500,3.270,*
2004,7,7,7\7,IV,N2(P)KMg,maize,oats,nil,0,*,nil,N2,mid_spring,96,2004-05-13,0,*,96,(P),0.000,*,K,90,2004-02-23,(Na),0,*,Mg,12,2004-02-23,2004-05-20,2004-09-20,Hudson,27.800,11.970,*
2004,8,7,8\7,IV,N3(P)KMg,maize,oats,nil,0,*,nil,N3,mid_spring,144,2004-05-13,0,*,144,(P),0.000,*,K,90,2004-02-23,(Na),0,*,Mg,12,2004-02-23,2004-05-20,2004-09-20,Hudson,28.700,15.130,*
2004,9,7,9\7,IV,N4(P)KMg,maize,oats,nil,0,*,nil,N4,mid_spring,192,2004-05-13,0,*,192,(P),0.000,*,K,90,2004-02-23,(Na),0,*,Mg,12,2004-02-23,2004-05-20,2004-09-20,Hudson,30.200,16.120,*
2004,10,7,10\7,IV,N4,maize,oats,nil,0,*,nil,N4,mid_spring,192,2004-05-13,0,*,192,nil,0.000,*,nil,0,*,nil,0,*,nil,0,*,2004-05-20,2004-09-20,Hudson,22.600,5.330,*
2004,11,7,11\7,IV,N4PMg,maize,oats,nil,0,*,nil,N4,mid_spring,192,2004-05-13,0,*,192,P,35.000,2003-09-23,nil,0,*,nil,0,*,Mg,12,2004-02-23,2004-05-20,2004-09-20,Hudson,27.400,9.310,*
2004,12,7,12\7,IV,N1+3+1(P)K2Mg2,maize,oats,nil,0,*,nil,N2+3,mid_&_late_spring,96,2004-05-13,144,2004-06-17,240,(P),0.000,*,K2,180,2004-02-23,(Na*),0,*,Mg2,24,2004-02-23,2004-05-20,2004-09-20,Hudson,27.000,13.670,*
2004,13,7,13\7,IV,N4PK,maize,oats,nil,0,*,nil,N4,mid_spring,192,2004-05-13,0,*,192,P,35.000,2003-09-23,K,90,2004-02-23,nil,0,*,nil,0,*,2004-05-20,2004-09-20,Hudson,28.000,13.650,*
2004,14,7,14\7,IV,N4PK*(Mg*),maize,oats,nil,0,*,nil,N4,mid_spring,192,2004-05-13,0,*,192,P,35.000,2003-09-23,K*,90,2003-09-23,nil,0,*,(Mg*),0,*,2004-05-20,2004-09-20,Hudson,29.100,13.770,*
2004,15,7,15\7,IV,N5(P)KMg,maize,oats,nil,0,*,nil,N5,mid_spring,240,2004-05-13,0,*,240,(P),0.000,*,K,90,2004-02-23,(Na),0,*,Mg,12,2004-02-23,2004-05-20,2004-09-20,Hudson,27.700,13.670,*
2004,16,7,16\7,IV,N6(P)KMg,maize,oats,nil,0,*,nil,N6,mid_spring,288,2004-05-13,0,*,288,(P),0.000,*,K,90,2004-02-23,(Na),0,*,Mg,12,2004-02-23,2004-05-20,2004-09-20,Hudson,28.500,13.600,*
2004,17,7,17\7,IV,N1+4+1 PKMg,maize,oats,nil,0,*,nil,N2+4,mid_&_late_spring,96,2004-05-13,192,2004-06-17,288,P,35.000,2003-09-23,K,90,2004-02-23,1/2 (Na),0,*,Mg,12,2004-02-23,2004-05-20,2004-09-20,Hudson,28.300,13.010,*
2004,18,7,18\7,IV,N1+2+1 PKMg,maize,oats,nil,0,*,nil,N2+2,mid_&_late_spring,96,2004-05-13,96,2004-06-17,192,P,35.000,2003-09-23,K,90,2004-02-23,1/2 (Na),0,*,Mg,12,2004-02-23,2004-05-20,2004-09-20,Hudson,31.600,16.890,*
2004,19,7,19\7,IV,N1+1+1 KMg,maize,oats,nil,0,*,nil,N2+1,mid_&_late_spring,96,2004-05-13,48,2004-06-17,144,nil,0.000,*,K,90,2004-02-23,nil,0,*,Mg,12,2004-02-23,2004-05-20,2004-09-20,Hudson,22.800,5.860,*
2005,1,4,1\4,III,(FYM) N4 ,maize,oats,(FYM),0,*,nil,N4,mid_spring,192,2005-04-29,0,*,192,nil,0.000,*,nil,0,*,nil,0,*,nil,0,*,2005-05-05,2005-09-22,Hudson,31.800,20.090,*
2005,21,4,21\4,III,FYM N3,maize,oats,FYM,35,2004-10-18,nil,N3,mid_spring,144,2005-04-29,0,*,144,nil,0.000,*,nil,0,*,nil,0,*,nil,0,*,2005-05-05,2005-09-22,Hudson,36.500,22.260,"8,15"
2005,22,4,22\4,III,FYM,maize,oats,FYM,35,2004-10-18,nil,nil,*,0,*,0,*,0,nil,0.000,*,nil,0,*,nil,0,*,nil,0,*,2005-05-05,2005-09-22,Hudson,26.800,14.020,16
2005,3,4,3\4,III,Nil,maize,oats,nil,0,*,nil,nil,*,0,*,0,*,0,nil,0.000,*,nil,0,*,nil,0,*,nil,0,*,2005-05-05,2005-09-22,Hudson,27.800,2.650,*
2005,5,4,5\4,III,(P)KMg,maize,oats,nil,0,*,nil,nil,*,0,*,0,*,0,(P),0.000,*,K,90,2005-03-15,(Na),0,*,Mg,12,2005-03-15,2005-05-05,2005-09-22,Hudson,27.100,3.210,*
2005,6,4,6\4,III,N1(P)KMg,maize,oats,nil,0,*,nil,N1,mid_spring,48,2005-04-29,0,*,48,(P),0.000,*,K,90,2005-03-15,(Na),0,*,Mg,12,2005-03-15,2005-05-05,2005-09-22,Hudson,28.700,9.880,*
2005,7,4,7\4,III,N2(P)KMg,maize,oats,nil,0,*,nil,N2,mid_spring,96,2005-04-29,0,*,96,(P),0.000,*,K,90,2005-03-15,(Na),0,*,Mg,12,2005-03-15,2005-05-05,2005-09-22,Hudson,28.900,13.170,*
2005,8,4,8\4,III,N3(P)KMg,maize,oats,nil,0,*,nil,N3,mid_spring,144,2005-04-29,0,*,144,(P),0.000,*,K,90,2005-03-15,(Na),0,*,Mg,12,2005-03-15,2005-05-05,2005-09-22,Hudson,30.200,14.850,*
2005,9,4,9\4,III,N4(P)KMg,maize,oats,nil,0,*,nil,N4,mid_spring,192,2005-04-29,0,*,192,(P),0.000,*,K,90,2005-03-15,(Na),0,*,Mg,12,2005-03-15,2005-05-05,2005-09-22,Hudson,26.500,12.200,*
2005,10,4,10\4,III,N4,maize,oats,nil,0,*,nil,N4,mid_spring,192,2005-04-29,0,*,192,nil,0.000,*,nil,0,*,nil,0,*,nil,0,*,2005-05-05,2005-09-22,Hudson,26.300,4.060,*
2005,11,4,11\4,III,N4PMg,maize,oats,nil,0,*,nil,N4,mid_spring,192,2005-04-29,0,*,192,P,35.000,2004-10-13,nil,0,*,nil,0,*,Mg,12,2005-03-15,2005-05-05,2005-09-22,Hudson,34.000,11.510,*
2005,12,4,12\4,III,N1+3+1(P)K2Mg2,maize,oats,nil,0,*,nil,N2+3,mid_&_late_spring,96,2005-04-29,144,2005-05-10,240,(P),0.000,*,K2,180,2005-03-15,(Na*),0,*,Mg2,24,2005-03-15,2005-05-05,2005-09-22,Hudson,32.100,16.170,*
2005,13,4,13\4,III,N4PK,maize,oats,nil,0,*,nil,N4,mid_spring,192,2005-04-29,0,*,192,P,35.000,2004-10-13,K,90,2005-03-15,nil,0,*,nil,0,*,2005-05-05,2005-09-22,Hudson,29.100,13.710,*
2005,14,4,14\4,III,N4PK*(Mg*),maize,oats,nil,0,*,nil,N4,mid_spring,192,2005-04-29,0,*,192,P,35.000,2004-10-13,K*,90,2004-10-13,nil,0,*,(Mg*),0,*,2005-05-05,2005-09-22,Hudson,33.700,17.680,*
2005,15,4,15\4,III,N5(P)KMg,maize,oats,nil,0,*,nil,N5,mid_spring,240,2005-04-29,0,*,240,(P),0.000,*,K,90,2005-03-15,(Na),0,*,Mg,12,2005-03-15,2005-05-05,2005-09-22,Hudson,30.400,14.180,*
2005,16,4,16\4,III,N6(P)KMg,maize,oats,nil,0,*,nil,N6,mid_spring,288,2005-04-29,0,*,288,(P),0.000,*,K,90,2005-03-15,(Na),0,*,Mg,12,2005-03-15,2005-05-05,2005-09-22,Hudson,30.400,15.010,*
2005,17,4,17\4,III,N1+4+1 PKMg,maize,oats,nil,0,*,nil,N2+4,mid_&_late_spring,96,2005-04-29,192,2005-05-10,288,P,35.000,2004-10-13,K,90,2005-03-15,1/2 (Na),0,*,Mg,12,2005-03-15,2005-05-05,2005-09-22,Hudson,31.600,14.610,*
2005,18,4,18\4,III,N1+2+1 PKMg,maize,oats,nil,0,*,nil,N2+2,mid_&_late_spring,96,2005-04-29,96,2005-05-10,192,P,35.000,2004-10-13,K,90,2005-03-15,1/2 (Na),0,*,Mg,12,2005-03-15,2005-05-05,2005-09-22,Hudson,32.700,15.690,*
2005,19,4,19\4,III,N1+1+1 KMg,maize,oats,nil,0,*,nil,N2+1,mid_&_late_spring,96,2005-04-29,48,2005-05-10,144,nil,0.000,*,K,90,2005-03-15,nil,0,*,Mg,12,2005-03-15,2005-05-05,2005-09-22,Hudson,26.700,7.900,*
2006,1,5,1\5,III,(FYM) N4 ,maize,oats,(FYM),0,*,nil,N4,mid_spring,192,2006-05-10,0,*,192,nil,0.000,*,nil,0,*,nil,0,*,nil,0,*,2006-05-11,2006-09-25,Hudson,36.100,13.030,*
2006,21,5,21\5,III,FYM N3,maize,oats,FYM,35,2005-09-28,nil,N3,mid_spring,144,2006-05-10,0,*,144,nil,0.000,*,nil,0,*,nil,0,*,nil,0,*,2006-05-11,2006-09-25,Hudson,37.100,17.140,15
2006,22,5,22\5,III,FYM,maize,oats,FYM,35,2005-09-28,nil,nil,*,0,*,0,*,0,nil,0.000,*,nil,0,*,nil,0,*,nil,0,*,2006-05-11,2006-09-25,Hudson,35.600,11.800,16
2006,3,5,3\5,III,Nil,maize,oats,nil,0,*,nil,nil,*,0,*,0,*,0,nil,0.000,*,nil,0,*,nil,0,*,nil,0,*,2006-05-11,2006-09-25,Hudson,34.100,4.250,*
2006,5,5,5\5,III,(P)KMg,maize,oats,nil,0,*,nil,nil,*,0,*,0,*,0,(P),0.000,*,K,90,2006-03-13,(Na),0,*,Mg,12,2006-03-13,2006-05-11,2006-09-25,Hudson,29.700,2.360,*
2006,6,5,6\5,III,N1(P)KMg,maize,oats,nil,0,*,nil,N1,mid_spring,48,2006-05-10,0,*,48,(P),0.000,*,K,90,2006-03-13,(Na),0,*,Mg,12,2006-03-13,2006-05-11,2006-09-25,Hudson,37.100,6.550,*
2006,7,5,7\5,III,N2(P)KMg,maize,oats,nil,0,*,nil,N2,mid_spring,96,2006-05-10,0,*,96,(P),0.000,*,K,90,2006-03-13,(Na),0,*,Mg,12,2006-03-13,2006-05-11,2006-09-25,Hudson,37.700,9.980,*
2006,8,5,8\5,III,N3(P)KMg,maize,oats,nil,0,*,nil,N3,mid_spring,144,2006-05-10,0,*,144,(P),0.000,*,K,90,2006-03-13,(Na),0,*,Mg,12,2006-03-13,2006-05-11,2006-09-25,Hudson,38.000,11.230,*
2006,9,5,9\5,III,N4(P)KMg,maize,oats,nil,0,*,nil,N4,mid_spring,192,2006-05-10,0,*,192,(P),0.000,*,K,90,2006-03-13,(Na),0,*,Mg,12,2006-03-13,2006-05-11,2006-09-25,Hudson,37.800,10.920,*
2006,10,5,10\5,III,N4,maize,oats,nil,0,*,nil,N4,mid_spring,192,2006-05-10,0,*,192,nil,0.000,*,nil,0,*,nil,0,*,nil,0,*,2006-05-11,2006-09-25,Hudson,35.500,3.900,*
2006,11,5,11\5,III,N4PMg,maize,oats,nil,0,*,nil,N4,mid_spring,192,2006-05-10,0,*,192,P,35.000,2005-09-27,nil,0,*,nil,0,*,Mg,12,2006-03-13,2006-05-11,2006-09-25,Hudson,39.000,3.100,*
2006,12,5,12\5,III,N1+3+1(P)KMg,maize,oats,nil,0,*,nil,N2+3,mid_&_late_spring,96,2006-05-10,144,2006-06-05,240,(P),0.000,*,K,90,2006-03-13,(Na*),0,*,Mg,12,2006-03-13,2006-05-11,2006-09-25,Hudson,39.800,7.330,9
2006,13,5,13\5,III,N4PK,maize,oats,nil,0,*,nil,N4,mid_spring,192,2006-05-10,0,*,192,P,35.000,2005-09-27,K,90,2006-03-13,nil,0,*,nil,0,*,2006-05-11,2006-09-25,Hudson,35.100,7.690,*
2006,14,5,14\5,III,N4PK*(Mg*),maize,oats,nil,0,*,nil,N4,mid_spring,192,2006-05-10,0,*,192,P,35.000,2005-09-27,K*,90,2005-09-28,nil,0,*,(Mg*),0,*,2006-05-11,2006-09-25,Hudson,38.500,7.600,*
2006,15,5,15\5,III,N5(P)KMg,maize,oats,nil,0,*,nil,N5,mid_spring,240,2006-05-10,0,*,240,(P),0.000,*,K,90,2006-03-13,(Na),0,*,Mg,12,2006-03-13,2006-05-11,2006-09-25,Hudson,31.900,8.230,*
2006,16,5,16\5,III,N6(P)KMg,maize,oats,nil,0,*,nil,N6,mid_spring,288,2006-05-10,0,*,288,(P),0.000,*,K,90,2006-03-13,(Na),0,*,Mg,12,2006-03-13,2006-05-11,2006-09-25,Hudson,35.600,9.740,*
2006,17,5,17\5,III,N1+4+1 PKMg,maize,oats,nil,0,*,nil,N2+4,mid_&_late_spring,96,2006-05-10,192,2006-06-05,288,P,35.000,2005-09-27,K,90,2006-03-13,1/2 (Na),0,*,Mg,12,2006-03-13,2006-05-11,2006-09-25,Hudson,35.500,9.270,*
2006,18,5,18\5,III,N1+2+1 PKMg,maize,oats,nil,0,*,nil,N2+2,mid_&_late_spring,96,2006-05-10,96,2006-06-05,192,P,35.000,2005-09-27,K,90,2006-03-13,1/2 (Na),0,*,Mg,12,2006-03-13,2006-05-11,2006-09-25,Hudson,36.200,10.520,*
2006,19,5,19\5,III,N1+1+1 KMg,maize,oats,nil,0,*,nil,N2+1,mid_&_late_spring,96,2006-05-10,48,2006-06-05,144,nil,0.000,*,K,90,2006-03-13,nil,0,*,Mg,12,2006-03-13,2006-05-11,2006-09-25,Hudson,33.800,7.750,*
2007,1,3,1\3,II,(FYM) N4 ,maize,oats,(FYM),0,*,nil,N4,mid_spring,192,2007-05-02,0,*,192,nil,0.000,*,nil,0,*,nil,0,*,nil,0,*,2007-05-02,2007-09-18,Hudson,26.700,14.740,*
2007,21,3,21\3,II,FYM N3,maize,oats,FYM,35,2006-10-04,nil,N3,mid_spring,144,2007-05-02,0,*,144,nil,0.000,*,nil,0,*,nil,0,*,nil,0,*,2007-05-02,2007-09-18,Hudson,23.200,14.580,15
2007,22,3,22\3,II,FYM,maize,oats,FYM,35,2006-10-04,nil,nil,*,0,*,0,*,0,nil,0.000,*,nil,0,*,nil,0,*,nil,0,*,2007-05-02,2007-09-18,Hudson,25.900,13.990,16
2007,3,3,3\3,II,Nil,maize,oats,nil,0,*,nil,nil,*,0,*,0,*,0,nil,0.000,*,nil,0,*,nil,0,*,nil,0,*,2007-05-02,2007-09-18,Hudson,21.300,2.150,*
2007,5,3,5\3,II,(P)KMg,maize,oats,nil,0,*,nil,nil,*,0,*,0,*,0,(P),0.000,*,K,90,2007-03-12,(Na),0,*,Mg,12,2007-03-14,2007-05-02,2007-09-18,Hudson,24.100,3.570,*
2007,6,3,6\3,II,N1(P)KMg,maize,oats,nil,0,*,nil,N1,mid_spring,48,2007-05-02,0,*,48,(P),0.000,*,K,90,2007-03-12,(Na),0,*,Mg,12,2007-03-14,2007-05-02,2007-09-18,Hudson,24.200,6.670,*
2007,7,3,7\3,II,N2(P)KMg,maize,oats,nil,0,*,nil,N2,mid_spring,96,2007-05-02,0,*,96,(P),0.000,*,K,90,2007-03-12,(Na),0,*,Mg,12,2007-03-14,2007-05-02,2007-09-18,Hudson,25.400,9.200,*
2007,8,3,8\3,II,N3(P)KMg,maize,oats,nil,0,*,nil,N3,mid_spring,144,2007-05-02,0,*,144,(P),0.000,*,K,90,2007-03-12,(Na),0,*,Mg,12,2007-03-14,2007-05-02,2007-09-18,Hudson,26.300,11.350,*
2007,9,3,9\3,II,N4(P)KMg,maize,oats,nil,0,*,nil,N4,mid_spring,192,2007-05-02,0,*,192,(P),0.000,*,K,90,2007-03-12,(Na),0,*,Mg,12,2007-03-14,2007-05-02,2007-09-18,Hudson,26.300,12.820,*
2007,10,3,10\3,II,N4,maize,oats,nil,0,*,nil,N4,mid_spring,192,2007-05-02,0,*,192,nil,0.000,*,nil,0,*,nil,0,*,nil,0,*,2007-05-02,2007-09-18,Hudson,18.500,0.930,*
2007,11,3,11\3,II,N4PMg,maize,oats,nil,0,*,nil,N4,mid_spring,192,2007-05-02,0,*,192,P,35.000,2006-10-09,nil,0,*,nil,0,*,Mg,12,2007-03-14,2007-05-02,2007-09-18,Hudson,24.000,3.660,*
2007,12,3,12\3,II,N1+3+1(P)KMg,maize,oats,nil,0,*,nil,N2+3,mid_&_late_spring,96,2007-05-02,144,2007-06-06,240,(P),0.000,*,K,90,2007-03-12,(Na*),0,*,Mg,12,2007-03-14,2007-05-02,2007-09-18,Hudson,25.800,10.900,*
2007,13,3,13\3,II,N4PK,maize,oats,nil,0,*,nil,N4,mid_spring,192,2007-05-02,0,*,192,P,35.000,2006-10-09,K,90,2007-03-12,nil,0,*,nil,0,*,2007-05-02,2007-09-18,Hudson,26.700,11.190,*
2007,14,3,14\3,II,N4PK*(Mg*),maize,oats,nil,0,*,nil,N4,mid_spring,192,2007-05-02,0,*,192,P,35.000,2006-10-09,K*,90,2006-10-09,nil,0,*,(Mg*),0,*,2007-05-02,2007-09-18,Hudson,25.400,11.060,*
2007,15,3,15\3,II,N5(P)KMg,maize,oats,nil,0,*,nil,N5,mid_spring,240,2007-05-02,0,*,240,(P),0.000,*,K,90,2007-03-12,(Na),0,*,Mg,12,2007-03-14,2007-05-02,2007-09-18,Hudson,24.900,11.430,*
2007,16,3,16\3,II,N6(P)KMg,maize,oats,nil,0,*,nil,N6,mid_spring,288,2007-05-02,0,*,288,(P),0.000,*,K,90,2007-03-12,(Na),0,*,Mg,12,2007-03-14,2007-05-02,2007-09-18,Hudson,25.100,11.100,*
2007,17,3,17\3,II,N1+4+1 PKMg,maize,oats,nil,0,*,nil,N2+4,mid_&_late_spring,96,2007-05-02,192,2007-06-06,288,P,35.000,2006-10-09,K,90,2007-03-12,1/2 (Na),0,*,Mg,12,2007-03-14,2007-05-02,2007-09-18,Hudson,23.600,9.250,*
2007,18,3,18\3,II,N1+2+1 PKMg,maize,oats,nil,0,*,nil,N2+2,mid_&_late_spring,96,2007-05-02,96,2007-06-06,192,P,35.000,2006-10-09,K,90,2007-03-12,1/2 (Na),0,*,Mg,12,2007-03-14,2007-05-02,2007-09-18,Hudson,23.100,8.790,*
2007,19,3,19\3,II,N1+1+1 KMg,maize,oats,nil,0,*,nil,N2+1,mid_&_late_spring,96,2007-05-02,48,2007-06-06,144,nil,0.000,*,K,90,2007-03-12,nil,0,*,Mg,12,2007-03-14,2007-05-02,2007-09-18,Hudson,23.100,7.370,*
2008,1,2,1\2,II,(FYM) N4 ,maize,oats,(FYM),0,*,nil,N4,mid_spring,192,2008-05-08,0,*,192,nil,0.000,*,nil,0,*,nil,0,*,nil,0,*,2008-05-12,2008-09-23,Hudson,28.500,13.600,*
2008,21,2,21\2,II,FYM N3,maize,oats,FYM,35,2007-10-10,nil,N3,mid_spring,144,2008-05-08,0,*,144,nil,0.000,*,nil,0,*,nil,0,*,nil,0,*,2008-05-12,2008-09-23,Hudson,29.100,16.560,15
2008,22,2,22\2,II,FYM,maize,oats,FYM,35,2007-10-10,nil,nil,*,0,*,0,*,0,nil,0.000,*,nil,0,*,nil,0,*,nil,0,*,2008-05-12,2008-09-23,Hudson,28.000,11.710,16
2008,3,2,3\2,II,Nil,maize,oats,nil,0,*,nil,nil,*,0,*,0,*,0,nil,0.000,*,nil,0,*,nil,0,*,nil,0,*,2008-05-12,2008-09-23,Hudson,22.600,3.030,*
2008,5,2,5\2,II,(P)KMg,maize,oats,nil,0,*,nil,nil,*,0,*,0,*,0,(P),0.000,*,K,90,2008-04-04,(Na),0,*,Mg,12,2008-04-04,2008-05-12,2008-09-23,Hudson,24.700,3.980,*
2008,6,2,6\2,II,N1(P)KMg,maize,oats,nil,0,*,nil,N1,mid_spring,48,2008-05-08,0,*,48,(P),0.000,*,K,90,2008-04-04,(Na),0,*,Mg,12,2008-04-04,2008-05-12,2008-09-23,Hudson,24.600,6.100,*
2008,7,2,7\2,II,N2(P)KMg,maize,oats,nil,0,*,nil,N2,mid_spring,96,2008-05-08,0,*,96,(P),0.000,*,K,90,2008-04-04,(Na),0,*,Mg,12,2008-04-04,2008-05-12,2008-09-23,Hudson,27.600,8.930,*
2008,8,2,8\2,II,N3(P)KMg,maize,oats,nil,0,*,nil,N3,mid_spring,144,2008-05-08,0,*,144,(P),0.000,*,K,90,2008-04-04,(Na),0,*,Mg,12,2008-04-04,2008-05-12,2008-09-23,Hudson,24.400,9.280,*
2008,9,2,9\2,II,N4(P)KMg,maize,oats,nil,0,*,nil,N4,mid_spring,192,2008-05-08,0,*,192,(P),0.000,*,K,90,2008-04-04,(Na),0,*,Mg,12,2008-04-04,2008-05-12,2008-09-23,Hudson,23.900,9.990,*
2008,10,2,10\2,II,N4,maize,oats,nil,0,*,nil,N4,mid_spring,192,2008-05-08,0,*,192,nil,0.000,*,nil,0,*,nil,0,*,nil,0,*,2008-05-12,2008-09-23,Hudson,19.800,2.310,*
2008,11,2,11\2,II,N4PMg,maize,oats,nil,0,*,nil,N4,mid_spring,192,2008-05-08,0,*,192,P,35.000,2007-10-01,nil,0,*,nil,0,*,Mg,12,2008-04-04,2008-05-12,2008-09-23,Hudson,23.400,5.640,*
2008,12,2,12\2,II,N1+3+1(P)KMg,maize,oats,nil,0,*,nil,N2+3,mid_&_late_spring,96,2008-05-08,144,2008-06-06,240,(P),0.000,*,K,90,2008-04-04,(Na*),0,*,Mg,12,2008-04-04,2008-05-12,2008-09-23,Hudson,26.900,10.070,*
2008,13,2,13\2,II,N4PK,maize,oats,nil,0,*,nil,N4,mid_spring,192,2008-05-08,0,*,192,P,35.000,2007-10-01,K,90,2008-04-04,nil,0,*,nil,0,*,2008-05-12,2008-09-23,Hudson,24.200,8.870,*
2008,14,2,14\2,II,N4PK*(Mg*),maize,oats,nil,0,*,nil,N4,mid_spring,192,2008-05-08,0,*,192,P,35.000,2007-10-01,K*,90,2007-10-01,nil,0,*,(Mg*),0,*,2008-05-12,2008-09-23,Hudson,25.700,9.660,*
2008,15,2,15\2,II,N5(P)KMg,maize,oats,nil,0,*,nil,N5,mid_spring,240,2008-05-08,0,*,240,(P),0.000,*,K,90,2008-04-04,(Na),0,*,Mg,12,2008-04-04,2008-05-12,2008-09-23,Hudson,24.500,9.840,*
2008,16,2,16\2,II,N6(P)KMg,maize,oats,nil,0,*,nil,N6,mid_spring,288,2008-05-08,0,*,288,(P),0.000,*,K,90,2008-04-04,(Na),0,*,Mg,12,2008-04-04,2008-05-12,2008-09-23,Hudson,24.500,9.570,*
2008,17,2,17\2,II,N1+4+1 PKMg,maize,oats,nil,0,*,nil,N2+4,mid_&_late_spring,96,2008-05-08,192,2008-06-06,288,P,35.000,2007-10-01,K,90,2008-04-04,1/2 (Na),0,*,Mg,12,2008-04-04,2008-05-12,2008-09-23,Hudson,23.900,9.050,*
2008,18,2,18\2,II,N1+2+1 PKMg,maize,oats,nil,0,*,nil,N2+2,mid_&_late_spring,96,2008-05-08,96,2008-06-06,192,P,35.000,2007-10-01,K,90,2008-04-04,1/2 (Na),0,*,Mg,12,2008-04-04,2008-05-12,2008-09-23,Hudson,24.200,9.500,*
2008,19,2,19\2,II,N1+1+1 KMg,maize,oats,nil,0,*,nil,N2+1,mid_&_late_spring,96,2008-05-08,48,2008-06-06,144,nil,0.000,*,K,90,2008-04-04,nil,0,*,Mg,12,2008-04-04,2008-05-12,2008-09-23,Hudson,23.000,5.860,*
2009,1,7,1\7,IV,(FYM) N4 ,maize,oats,(FYM),0,*,nil,N4,mid_spring,192,2009-05-13,0,*,192,nil,0.000,*,nil,0,*,nil,0,*,nil,0,*,2009-05-12,2009-09-10,Hudson,22.400,11.810,*
2009,21,7,21\7,IV,FYM N3,maize,oats,FYM,35,2008-10-02,nil,N3,mid_spring,144,2009-05-13,0,*,144,nil,0.000,*,nil,0,*,nil,0,*,nil,0,*,2009-05-12,2009-09-10,Hudson,23.000,13.840,15
2009,22,7,22\7,IV,FYM,maize,oats,FYM,35,2008-10-02,nil,nil,*,0,*,0,*,0,nil,0.000,*,nil,0,*,nil,0,*,nil,0,*,2009-05-12,2009-09-10,Hudson,22.300,12.370,16
2009,3,7,3\7,IV,Nil,maize,oats,nil,0,*,nil,nil,*,0,*,0,*,0,nil,0.000,*,nil,0,*,nil,0,*,nil,0,*,2009-05-12,2009-09-10,Hudson,19.800,0.580,*
2009,5,7,5\7,IV,(P)KMg,maize,oats,nil,0,*,nil,nil,*,0,*,0,*,0,(P),0.000,*,K,90,2009-03-24,(Na),0,*,Mg,12,2009-03-25,2009-05-12,2009-09-10,Hudson,21.900,5.200,*
2009,6,7,6\7,IV,N1(P)KMg,maize,oats,nil,0,*,nil,N1,mid_spring,48,2009-05-13,0,*,48,(P),0.000,*,K,90,2009-03-24,(Na),0,*,Mg,12,2009-03-25,2009-05-12,2009-09-10,Hudson,22.100,7.120,*
2009,7,7,7\7,IV,N2(P)KMg,maize,oats,nil,0,*,nil,N2,mid_spring,96,2009-05-13,0,*,96,(P),0.000,*,K,90,2009-03-24,(Na),0,*,Mg,12,2009-03-25,2009-05-12,2009-09-10,Hudson,21.100,8.510,*
2009,8,7,8\7,IV,N3(P)KMg,maize,oats,nil,0,*,nil,N3,mid_spring,144,2009-05-13,0,*,144,(P),0.000,*,K,90,2009-03-24,(Na),0,*,Mg,12,2009-03-25,2009-05-12,2009-09-10,Hudson,21.200,8.250,*
2009,9,7,9\7,IV,N4(P)KMg,maize,oats,nil,0,*,nil,N4,mid_spring,192,2009-05-13,0,*,192,(P),0.000,*,K,90,2009-03-24,(Na),0,*,Mg,12,2009-03-25,2009-05-12,2009-09-10,Hudson,21.100,8.340,*
2009,10,7,10\7,IV,N4,maize,oats,nil,0,*,nil,N4,mid_spring,192,2009-05-13,0,*,192,nil,0.000,*,nil,0,*,nil,0,*,nil,0,*,2009-05-12,2009-09-10,Hudson,17.300,0.940,*
2009,11,7,11\7,IV,N4PMg,maize,oats,nil,0,*,nil,N4,mid_spring,192,2009-05-13,0,*,192,P,35.000,2008-09-29,nil,0,*,nil,0,*,Mg,12,2009-03-25,2009-05-12,2009-09-10,Hudson,19.700,5.190,*
2009,12,7,12\7,IV,N1+3+1(P)KMg,maize,oats,nil,0,*,nil,N2+3,mid_&_late_spring,96,2009-05-13,144,2009-06-25,240,(P),0.000,*,K,90,2009-03-24,(Na*),0,*,Mg,12,2009-03-25,2009-05-12,2009-09-10,Hudson,20.900,8.560,*
2009,13,7,13\7,IV,N4PK,maize,oats,nil,0,*,nil,N4,mid_spring,192,2009-05-13,0,*,192,P,35.000,2008-09-29,K,90,2009-03-24,nil,0,*,nil,0,*,2009-05-12,2009-09-10,Hudson,21.200,8.890,*
2009,14,7,14\7,IV,N4PK*(Mg*),maize,oats,nil,0,*,nil,N4,mid_spring,192,2009-05-13,0,*,192,P,35.000,2008-09-29,K*,90,2008-09-30,nil,0,*,(Mg*),0,*,2009-05-12,2009-09-10,Hudson,22.000,8.760,*
2009,15,7,15\7,IV,N5(P)KMg,maize,oats,nil,0,*,nil,N5,mid_spring,240,2009-05-13,0,*,240,(P),0.000,*,K,90,2009-03-24,(Na),0,*,Mg,12,2009-03-25,2009-05-12,2009-09-10,Hudson,20.400,7.820,*
2009,16,7,16\7,IV,N6(P)KMg,maize,oats,nil,0,*,nil,N6,mid_spring,288,2009-05-13,0,*,288,(P),0.000,*,K,90,2009-03-24,(Na),0,*,Mg,12,2009-03-25,2009-05-12,2009-09-10,Hudson,19.100,7.400,*
2009,17,7,17\7,IV,N1+4+1 PKMg,maize,oats,nil,0,*,nil,N2+4,mid_&_late_spring,96,2009-05-13,192,2009-06-25,288,P,35.000,2008-09-29,K,90,2009-03-24,1/2 (Na),0,*,Mg,12,2009-03-25,2009-05-12,2009-09-10,Hudson,21.200,8.180,*
2009,18,7,18\7,IV,N1+2+1 PKMg,maize,oats,nil,0,*,nil,N2+2,mid_&_late_spring,96,2009-05-13,96,2009-06-25,192,P,35.000,2008-09-29,K,90,2009-03-24,1/2 (Na),0,*,Mg,12,2009-03-25,2009-05-12,2009-09-10,Hudson,20.400,8.450,*
2009,19,7,19\7,IV,N1+1+1 KMg,maize,oats,nil,0,*,nil,N2+1,mid_&_late_spring,96,2009-05-13,48,2009-06-25,144,nil,0.000,*,K,90,2009-03-24,nil,0,*,Mg,12,2009-03-25,2009-05-12,2009-09-10,Hudson,19.500,3.490,*
2010,1,4,1\4,III,(FYM) N4 ,maize,oats,(FYM),0,*,nil,N4,mid_spring,192,2010-04-27,0,*,192,nil,0.000,*,nil,0,*,nil,0,*,nil,0,*,2010-04-26,2010-09-27,Hudson,29.900,14.370,*
2010,21,4,21\4,III,FYM N3,maize,oats,FYM,35,2009-09-17,nil,N3,mid_spring,144,2010-04-27,0,*,144,nil,0.000,*,nil,0,*,nil,0,*,nil,0,*,2010-04-26,2010-09-27,Hudson,31.500,15.320,15
2010,22,4,22\4,III,FYM,maize,oats,FYM,35,2009-09-17,nil,nil,*,0,*,0,*,0,nil,0.000,*,nil,0,*,nil,0,*,nil,0,*,2010-04-26,2010-09-27,Hudson,31.200,12.780,16
2010,3,4,3\4,III,Nil,maize,oats,nil,0,*,nil,nil,*,0,*,0,*,0,nil,0.000,*,nil,0,*,nil,0,*,nil,0,*,2010-04-26,2010-09-27,Hudson,27.300,1.730,*
2010,5,4,5\4,III,(P)KMg,maize,oats,nil,0,*,nil,nil,*,0,*,0,*,0,(P),0.000,*,K,90,2010-04-06,(Na),0,*,Mg,12,2010-04-06,2010-04-26,2010-09-27,Hudson,31.400,3.820,10
2010,6,4,6\4,III,N1(P)KMg,maize,oats,nil,0,*,nil,N1,mid_spring,48,2010-04-27,0,*,48,(P),0.000,*,K,90,2010-04-06,(Na),0,*,Mg,12,2010-04-06,2010-04-26,2010-09-27,Hudson,29.200,6.820,10
2010,7,4,7\4,III,N2(P)KMg,maize,oats,nil,0,*,nil,N2,mid_spring,96,2010-04-27,0,*,96,(P),0.000,*,K,90,2010-04-06,(Na),0,*,Mg,12,2010-04-06,2010-04-26,2010-09-27,Hudson,31.700,9.670,10
2010,8,4,8\4,III,N3(P)KMg,maize,oats,nil,0,*,nil,N3,mid_spring,144,2010-04-27,0,*,144,(P),0.000,*,K,90,2010-04-06,(Na),0,*,Mg,12,2010-04-06,2010-04-26,2010-09-27,Hudson,30.300,10.150,10
2010,9,4,9\4,III,N4(P)KMg,maize,oats,nil,0,*,nil,N4,mid_spring,192,2010-04-27,0,*,192,(P),0.000,*,K,90,2010-04-06,(Na),0,*,Mg,12,2010-04-06,2010-04-26,2010-09-27,Hudson,31.200,10.100,10
2010,10,4,10\4,III,N4,maize,oats,nil,0,*,nil,N4,mid_spring,192,2010-04-27,0,*,192,nil,0.000,*,nil,0,*,nil,0,*,nil,0,*,2010-04-26,2010-09-27,Hudson,24.400,2.150,*
2010,11,4,11\4,III,N4PMg,maize,oats,nil,0,*,nil,N4,mid_spring,192,2010-04-27,0,*,192,P,35.000,2009-09-14,nil,0,*,nil,0,*,Mg,12,2010-04-06,2010-04-26,2010-09-27,Hudson,29.100,6.970,10
2010,12,4,12\4,III,N1+3+1(P)KMg,maize,oats,nil,0,*,nil,N2+3,mid_&_late_spring,96,2010-04-27,144,2010-06-07,240,(P),0.000,*,K,90,2010-04-06,(Na*),0,*,Mg,12,2010-04-06,2010-04-26,2010-09-27,Hudson,31.600,12.420,10
2010,13,4,13\4,III,N4PK,maize,oats,nil,0,*,nil,N4,mid_spring,192,2010-04-27,0,*,192,P,35.000,2009-09-14,K,90,2010-04-06,nil,0,*,nil,0,*,2010-04-26,2010-09-27,Hudson,28.600,11.210,*
2010,14,4,14\4,III,N4PK*(Mg*),maize,oats,nil,0,*,nil,N4,mid_spring,192,2010-04-27,0,*,192,P,35.000,2009-09-14,K*,90,2009-09-14,nil,0,*,(Mg*),0,*,2010-04-26,2010-09-27,Hudson,29.100,11.690,10
2010,15,4,15\4,III,N5(P)KMg,maize,oats,nil,0,*,nil,N5,mid_spring,240,2010-04-27,0,*,240,(P),0.000,*,K,90,2010-04-06,(Na),0,*,Mg,12,2010-04-06,2010-04-26,2010-09-27,Hudson,31.300,12.190,10
2010,16,4,16\4,III,N6(P)KMg,maize,oats,nil,0,*,nil,N6,mid_spring,288,2010-04-27,0,*,288,(P),0.000,*,K,90,2010-04-06,(Na),0,*,Mg,12,2010-04-06,2010-04-26,2010-09-27,Hudson,27.200,10.930,10
2010,17,4,17\4,III,N1+4+1 PKMg,maize,oats,nil,0,*,nil,N2+4,mid_&_late_spring,96,2010-04-27,192,2010-06-07,288,P,35.000,2009-09-14,K,90,2010-04-06,1/2 (Na),0,*,Mg,12,2010-04-06,2010-04-26,2010-09-27,Hudson,29.200,10.520,10
2010,18,4,18\4,III,N1+2+1 PKMg,maize,oats,nil,0,*,nil,N2+2,mid_&_late_spring,96,2010-04-27,96,2010-06-07,192,P,35.000,2009-09-14,K,90,2010-04-06,1/2 (Na),0,*,Mg,12,2010-04-06,2010-04-26,2010-09-27,Hudson,28.300,9.850,10
2010,19,4,19\4,III,N1+1+1 KMg,maize,oats,nil,0,*,nil,N2+1,mid_&_late_spring,96,2010-04-27,48,2010-06-07,144,nil,0.000,*,K,90,2010-04-06,nil,0,*,Mg,12,2010-04-06,2010-04-26,2010-09-27,Hudson,28.900,4.280,10
2011,1,5,1\5,III,(FYM) N4 ,maize,oats,(FYM),0,*,nil,N4,mid_spring,192,2011-05-03,0,*,192,nil,0.000,*,nil,0,*,nil,0,*,nil,0,*,2011-04-26,2011-09-23,Hudson,19.400,8.670,*
2011,21,5,21\5,III,FYM N3,maize,oats,FYM,35,2010-10-08,nil,N3,mid_spring,144,2011-05-03,0,*,144,nil,0.000,*,nil,0,*,nil,0,*,nil,0,*,2011-04-26,2011-09-23,Hudson,18.600,9.260,15
2011,22,5,22\5,III,FYM,maize,oats,FYM,35,2010-10-08,nil,nil,*,0,*,0,*,0,nil,0.000,*,nil,0,*,nil,0,*,nil,0,*,2011-04-26,2011-09-23,Hudson,24.900,11.950,16
2011,3,5,3\5,III,Nil,maize,oats,nil,0,*,nil,nil,*,0,*,0,*,0,nil,0.000,*,nil,0,*,nil,0,*,nil,0,*,2011-04-26,2011-09-23,Hudson,18.600,1.490,*
2011,5,5,5\5,III,(P)KMg,maize,oats,nil,0,*,nil,nil,*,0,*,0,*,0,(P),0.000,*,K,90,2011-04-05,(Na),0,*,Mg,12,2011-04-06,2011-04-26,2011-09-23,Hudson,18.400,2.860,*
2011,6,5,6\5,III,N1(P)KMg,maize,oats,nil,0,*,nil,N1,mid_spring,48,2011-05-03,0,*,48,(P),0.000,*,K,90,2011-04-05,(Na),0,*,Mg,12,2011-04-06,2011-04-26,2011-09-23,Hudson,20.600,5.050,*
2011,7,5,7\5,III,N2(P)KMg,maize,oats,nil,0,*,nil,N2,mid_spring,96,2011-05-03,0,*,96,(P),0.000,*,K,90,2011-04-05,(Na),0,*,Mg,12,2011-04-06,2011-04-26,2011-09-23,Hudson,20.100,7.900,*
2011,8,5,8\5,III,N3(P)KMg,maize,oats,nil,0,*,nil,N3,mid_spring,144,2011-05-03,0,*,144,(P),0.000,*,K,90,2011-04-05,(Na),0,*,Mg,12,2011-04-06,2011-04-26,2011-09-23,Hudson,16.800,5.270,*
2011,9,5,9\5,III,N4(P)KMg,maize,oats,nil,0,*,nil,N4,mid_spring,192,2011-05-03,0,*,192,(P),0.000,*,K,90,2011-04-05,(Na),0,*,Mg,12,2011-04-06,2011-04-26,2011-09-23,Hudson,17.600,5.830,*
2011,10,5,10\5,III,N4,maize,oats,nil,0,*,nil,N4,mid_spring,192,2011-05-03,0,*,192,nil,0.000,*,nil,0,*,nil,0,*,nil,0,*,2011-04-26,2011-09-23,Hudson,17.100,1.090,*
2011,11,5,11\5,III,N4PMg,maize,oats,nil,0,*,nil,N4,mid_spring,192,2011-05-03,0,*,192,P,35.000,2010-10-07,nil,0,*,nil,0,*,Mg,12,2011-04-06,2011-04-26,2011-09-23,Hudson,17.500,3.880,*
2011,12,5,12\5,III,N1+3+1(P)KMg,maize,oats,nil,0,*,nil,N2+3,mid_&_late_spring,96,2011-05-03,144,2011-06-28,240,(P),0.000,*,K,90,2011-04-05,(Na*),0,*,Mg,12,2011-04-06,2011-04-26,2011-09-23,Hudson,19.100,7.320,*
2011,13,5,13\5,III,N4PK,maize,oats,nil,0,*,nil,N4,mid_spring,192,2011-05-03,0,*,192,P,35.000,2010-10-07,K,90,2011-04-05,nil,0,*,nil,0,*,2011-04-26,2011-09-23,Hudson,19.200,7.200,*
2011,14,5,14\5,III,N4PK*(Mg*),maize,oats,nil,0,*,nil,N4,mid_spring,192,2011-05-03,0,*,192,P,35.000,2010-10-07,K*,90,2010-10-07,nil,0,*,(Mg*),0,*,2011-04-26,2011-09-23,Hudson,18.200,7.010,*
2011,15,5,15\5,III,N5(P)KMg,maize,oats,nil,0,*,nil,N5,mid_spring,240,2011-05-03,0,*,240,(P),0.000,*,K,90,2011-04-05,(Na),0,*,Mg,12,2011-04-06,2011-04-26,2011-09-23,Hudson,18.400,5.630,*
2011,16,5,16\5,III,N6(P)KMg,maize,oats,nil,0,*,nil,N6,mid_spring,288,2011-05-03,0,*,288,(P),0.000,*,K,90,2011-04-05,(Na),0,*,Mg,12,2011-04-06,2011-04-26,2011-09-23,Hudson,16.800,4.330,*
2011,17,5,17\5,III,N1+4+1 PKMg,maize,oats,nil,0,*,nil,N2+4,mid_&_late_spring,96,2011-05-03,192,2011-06-28,288,P,35.000,2010-10-07,K,90,2011-04-05,1/2 (Na),0,*,Mg,12,2011-04-06,2011-04-26,2011-09-23,Hudson,17.300,5.190,*
2011,18,5,18\5,III,N1+2+1 PKMg,maize,oats,nil,0,*,nil,N2+2,mid_&_late_spring,96,2011-05-03,96,2011-06-28,192,P,35.000,2010-10-07,K,90,2011-04-05,1/2 (Na),0,*,Mg,12,2011-04-06,2011-04-26,2011-09-23,Hudson,18.800,5.880,*
2011,19,5,19\5,III,N1+1+1 KMg,maize,oats,nil,0,*,nil,N2+1,mid_&_late_spring,96,2011-05-03,48,2011-06-28,144,nil,0.000,*,K,90,2011-04-05,nil,0,*,Mg,12,2011-04-06,2011-04-26,2011-09-23,Hudson,19.700,2.560,*
2012,1,3,1\3,II,(FYM) N4 ,maize,oats,(FYM),0,*,nil,N4,mid_spring,192,2012-05-13,0,*,192,nil,0.000,*,nil,0,*,nil,0,*,nil,0,*,2012-05-13,2012-09-27,Hudson,27.800,14.320,*
2012,21,3,21\3,II,FYM N3,maize,oats,FYM,35,2011-09-28,nil,N3,mid_spring,144,2012-05-13,0,*,144,nil,0.000,*,nil,0,*,nil,0,*,nil,0,*,2012-05-13,2012-09-27,Hudson,29.300,18.240,15
2012,22,3,22\3,II,FYM,maize,oats,FYM,35,2011-09-28,nil,nil,*,0,*,0,*,0,nil,0.000,*,nil,0,*,nil,0,*,nil,0,*,2012-05-13,2012-09-27,Hudson,28.400,11.210,16
2012,3,3,3\3,II,Nil,maize,oats,nil,0,*,nil,nil,*,0,*,0,*,0,nil,0.000,*,nil,0,*,nil,0,*,nil,0,*,2012-05-13,2012-09-27,Hudson,22.500,1.650,*
2012,5,3,5\3,II,(P)KMg,maize,oats,nil,0,*,nil,nil,*,0,*,0,*,0,(P),0.000,*,K,90,2011-09-27,(Na),0,*,Mg,12,2011-09-27,2012-05-13,2012-09-27,Hudson,23.400,3.560,11
2012,6,3,6\3,II,N1(P)KMg,maize,oats,nil,0,*,nil,N1,mid_spring,48,2012-05-13,0,*,48,(P),0.000,*,K,90,2011-09-27,(Na),0,*,Mg,12,2011-09-27,2012-05-13,2012-09-27,Hudson,25.700,5.750,11
2012,7,3,7\3,II,N2(P)KMg,maize,oats,nil,0,*,nil,N2,mid_spring,96,2012-05-13,0,*,96,(P),0.000,*,K,90,2011-09-27,(Na),0,*,Mg,12,2011-09-27,2012-05-13,2012-09-27,Hudson,25.100,8.850,11
2012,8,3,8\3,II,N3(P)KMg,maize,oats,nil,0,*,nil,N3,mid_spring,144,2012-05-13,0,*,144,(P),0.000,*,K,90,2011-09-27,(Na),0,*,Mg,12,2011-09-27,2012-05-13,2012-09-27,Hudson,28.700,10.850,11
2012,9,3,9\3,II,N4(P)KMg,maize,oats,nil,0,*,nil,N4,mid_spring,192,2012-05-13,0,*,192,(P),0.000,*,K,90,2011-09-27,(Na),0,*,Mg,12,2011-09-27,2012-05-13,2012-09-27,Hudson,25.600,10.160,11
2012,10,3,10\3,II,N4,maize,oats,nil,0,*,nil,N4,mid_spring,192,2012-05-13,0,*,192,nil,0.000,*,nil,0,*,nil,0,*,nil,0,*,2012-05-13,2012-09-27,Hudson,19.700,0.960,*
2012,11,3,11\3,II,N4PMg,maize,oats,nil,0,*,nil,N4,mid_spring,192,2012-05-13,0,*,192,P,35.000,2011-09-27,nil,0,*,nil,0,*,Mg,12,2011-09-27,2012-05-13,2012-09-27,Hudson,27.800,5.440,11
2012,12,3,12\3,II,N1+3+1(P)KMg,maize,oats,nil,0,*,nil,N2+3,mid_&_late_spring,96,2012-05-13,144,2012-06-14,240,(P),0.000,*,K,90,2011-09-27,(Na*),0,*,Mg,12,2011-09-27,2012-05-13,2012-09-27,Hudson,25.300,9.330,11
2012,13,3,13\3,II,N4PK,maize,oats,nil,0,*,nil,N4,mid_spring,192,2012-05-13,0,*,192,P,35.000,2011-09-27,K,90,2011-09-27,nil,0,*,nil,0,*,2012-05-13,2012-09-27,Hudson,26.100,10.720,11
2012,14,3,14\3,II,N4PK*(Mg*),maize,oats,nil,0,*,nil,N4,mid_spring,192,2012-05-13,0,*,192,P,35.000,2011-09-27,K*,90,2011-09-27,nil,0,*,(Mg*),0,*,2012-05-13,2012-09-27,Hudson,26.700,9.820,*
2012,15,3,15\3,II,N5(P)KMg,maize,oats,nil,0,*,nil,N5,mid_spring,240,2012-05-13,0,*,240,(P),0.000,*,K,90,2011-09-27,(Na),0,*,Mg,12,2011-09-27,2012-05-13,2012-09-27,Hudson,24.500,9.940,11
2012,16,3,16\3,II,N6(P)KMg,maize,oats,nil,0,*,nil,N6,mid_spring,288,2012-05-13,0,*,288,(P),0.000,*,K,90,2011-09-27,(Na),0,*,Mg,12,2011-09-27,2012-05-13,2012-09-27,Hudson,28.700,9.130,11
2012,17,3,17\3,II,N1+4+1 PKMg,maize,oats,nil,0,*,nil,N2+4,mid_&_late_spring,96,2012-05-13,192,2012-06-14,288,P,35.000,2011-09-27,K,90,2011-09-27,1/2 (Na),0,*,Mg,12,2011-09-27,2012-05-13,2012-09-27,Hudson,25.300,9.130,11
2012,18,3,18\3,II,N1+2+1 PKMg,maize,oats,nil,0,*,nil,N2+2,mid_&_late_spring,96,2012-05-13,96,2012-06-14,192,P,35.000,2011-09-27,K,90,2011-09-27,1/2 (Na),0,*,Mg,12,2011-09-27,2012-05-13,2012-09-27,Hudson,27.400,11.460,11
2012,19,3,19\3,II,N1+1+1 KMg,maize,oats,nil,0,*,nil,N2+1,mid_&_late_spring,96,2012-05-13,48,2012-06-14,144,nil,0.000,*,K,90,2011-09-27,nil,0,*,Mg,12,2011-09-27,2012-05-13,2012-09-27,Hudson,24.900,5.430,11
2013,1,2,1\2,II,(FYM) N4 ,maize,oats,(FYM),0,*,nil,N4,mid_spring,192,2013-05-21,0,*,192,nil,0.000,*,nil,0,*,nil,0,*,nil,0,*,2013-05-17,2013-09-23,Hudson,30.700,3.510,12
2013,21,2,21\2,II,FYM N3,maize,oats,FYM,35,2012-10-03,nil,N3,mid_spring,144,2013-05-21,0,*,144,nil,0.000,*,nil,0,*,nil,0,*,nil,0,*,2013-05-17,2013-09-23,Hudson,26.500,6.650,"12,15"
2013,22,2,22\2,II,FYM,maize,oats,FYM,35,2012-10-03,nil,nil,*,0,*,0,*,0,nil,0.000,*,nil,0,*,nil,0,*,nil,0,*,2013-05-17,2013-09-23,Hudson,27.900,8.750,"12,16"
2013,3,2,3\2,II,Nil,maize,oats,nil,0,*,nil,nil,*,0,*,0,*,0,nil,0.000,*,nil,0,*,nil,0,*,nil,0,*,2013-05-17,2013-09-23,Hudson,20.500,1.340,12
2013,5,2,5\2,II,(P)KMg,maize,oats,nil,0,*,nil,nil,*,0,*,0,*,0,(P),0.000,*,K,90,2013-03-12,(Na),0,*,Mg,12,2013-03-11,2013-05-17,2013-09-23,Hudson,22.900,3.320,12
2013,6,2,6\2,II,N1(P)KMg,maize,oats,nil,0,*,nil,N1,mid_spring,48,2013-05-21,0,*,48,(P),0.000,*,K,90,2013-03-12,(Na),0,*,Mg,12,2013-03-11,2013-05-17,2013-09-23,Hudson,26.200,5.900,12
2013,7,2,7\2,II,N2(P)KMg,maize,oats,nil,0,*,nil,N2,mid_spring,96,2013-05-21,0,*,96,(P),0.000,*,K,90,2013-03-12,(Na),0,*,Mg,12,2013-03-11,2013-05-17,2013-09-23,Hudson,25.100,4.480,12
2013,8,2,8\2,II,N3(P)KMg,maize,oats,nil,0,*,nil,N3,mid_spring,144,2013-05-21,0,*,144,(P),0.000,*,K,90,2013-03-12,(Na),0,*,Mg,12,2013-03-11,2013-05-17,2013-09-23,Hudson,25.400,6.140,12
2013,9,2,9\2,II,N4(P)KMg,maize,oats,nil,0,*,nil,N4,mid_spring,192,2013-05-21,0,*,192,(P),0.000,*,K,90,2013-03-12,(Na),0,*,Mg,12,2013-03-11,2013-05-17,2013-09-23,Hudson,23.300,4.520,12
2013,10,2,10\2,II,N4,maize,oats,nil,0,*,nil,N4,mid_spring,192,2013-05-21,0,*,192,nil,0.000,*,nil,0,*,nil,0,*,nil,0,*,2013-05-17,2013-09-23,Hudson,20.300,2.070,12
2013,11,2,11\2,II,N4PMg,maize,oats,nil,0,*,nil,N4,mid_spring,192,2013-05-21,0,*,192,P,35.000,2012-09-28,nil,0,*,nil,0,*,Mg,12,2013-03-11,2013-05-17,2013-09-23,Hudson,24.000,4.360,12
2013,12,2,12\2,II,N1+3+1(P)KMg,maize,oats,nil,0,*,nil,N2+3,mid_&_late_spring,96,2013-05-21,144,2013-06-10,240,(P),0.000,*,K,90,2013-03-12,(Na*),0,*,Mg,12,2013-03-11,2013-05-17,2013-09-23,Hudson,28.100,6.520,12
2013,13,2,13\2,II,N4PK,maize,oats,nil,0,*,nil,N4,mid_spring,192,2013-05-21,0,*,192,P,35.000,2012-09-28,K,90,2013-03-12,nil,0,*,nil,0,*,2013-05-17,2013-09-23,Hudson,27.600,8.800,12
2013,14,2,14\2,II,N4PK*(Mg*),maize,oats,nil,0,*,nil,N4,mid_spring,192,2013-05-21,0,*,192,P,35.000,2012-09-28,K*,90,2012-09-28,nil,0,*,(Mg*),0,*,2013-05-17,2013-09-23,Hudson,28.500,9.520,12
2013,15,2,15\2,II,N5(P)KMg,maize,oats,nil,0,*,nil,N5,mid_spring,240,2013-05-21,0,*,240,(P),0.000,*,K,90,2013-03-12,(Na),0,*,Mg,12,2013-03-11,2013-05-17,2013-09-23,Hudson,25.700,7.030,12
2013,16,2,16\2,II,N6(P)KMg,maize,oats,nil,0,*,nil,N6,mid_spring,288,2013-05-21,0,*,288,(P),0.000,*,K,90,2013-03-12,(Na),0,*,Mg,12,2013-03-11,2013-05-17,2013-09-23,Hudson,24.700,6.570,12
2013,17,2,17\2,II,N1+4+1 PKMg,maize,oats,nil,0,*,nil,N2+4,mid_&_late_spring,96,2013-05-21,192,2013-06-10,288,P,35.000,2012-09-28,K,90,2013-03-12,1/2 (Na),0,*,Mg,12,2013-03-11,2013-05-17,2013-09-23,Hudson,24.900,3.460,12
2013,18,2,18\2,II,N1+2+1 PKMg,maize,oats,nil,0,*,nil,N2+2,mid_&_late_spring,96,2013-05-21,96,2013-06-10,192,P,35.000,2012-09-28,K,90,2013-03-12,1/2 (Na),0,*,Mg,12,2013-03-11,2013-05-17,2013-09-23,Hudson,24.100,5.950,12
2013,19,2,19\2,II,N1+1+1 KMg,maize,oats,nil,0,*,nil,N2+1,mid_&_late_spring,96,2013-05-21,48,2013-06-10,144,nil,0.000,*,K,90,2013-03-12,nil,0,*,Mg,12,2013-03-11,2013-05-17,2013-09-23,Hudson,21.000,3.100,12
2014,1,7,1\7,IV,(FYM) N4 ,maize,oats,(FYM),0,*,nil,N4,mid_spring,192,2014-05-20,0,*,192,nil,0.000,*,nil,0,*,nil,0,*,nil,0,*,2014-05-16,2014-09-30,Hudson,33.300,13.300,*
2014,21,7,21\7,IV,FYM N3,maize,oats,FYM,35,2013-10-02,nil,N3,mid_spring,144,2014-05-20,0,*,144,nil,0.000,*,nil,0,*,nil,0,*,nil,0,*,2014-05-16,2014-09-30,Hudson,32.800,15.460,15
2014,22,7,22\7,IV,FYM,maize,oats,FYM,35,2013-10-02,nil,nil,*,0,*,0,*,0,nil,0.000,*,nil,0,*,nil,0,*,nil,0,*,2014-05-16,2014-09-30,Hudson,37.500,15.870,16
2014,3,7,3\7,IV,Nil,maize,oats,nil,0,*,nil,nil,*,0,*,0,*,0,nil,0.000,*,nil,0,*,nil,0,*,nil,0,*,2014-05-16,2014-09-30,Hudson,23.400,1.450,*
2014,5,7,5\7,IV,(P)KMg,maize,oats,nil,0,*,nil,nil,*,0,*,0,*,0,(P),0.000,*,K,90,2014-04-09,(Na),0,*,Mg,12,2014-04-09,2014-05-16,2014-09-30,Hudson,27.700,4.250,*
2014,6,7,6\7,IV,N1(P)KMg,maize,oats,nil,0,*,nil,N1,mid_spring,48,2014-05-20,0,*,48,(P),0.000,*,K,90,2014-04-09,(Na),0,*,Mg,12,2014-04-09,2014-05-16,2014-09-30,Hudson,33.700,7.770,*
2014,7,7,7\7,IV,N2(P)KMg,maize,oats,nil,0,*,nil,N2,mid_spring,96,2014-05-20,0,*,96,(P),0.000,*,K,90,2014-04-09,(Na),0,*,Mg,12,2014-04-09,2014-05-16,2014-09-30,Hudson,35.500,9.870,*
2014,8,7,8\7,IV,N3(P)KMg,maize,oats,nil,0,*,nil,N3,mid_spring,144,2014-05-20,0,*,144,(P),0.000,*,K,90,2014-04-09,(Na),0,*,Mg,12,2014-04-09,2014-05-16,2014-09-30,Hudson,28.800,8.570,*
2014,9,7,9\7,IV,N4(P)KMg,maize,oats,nil,0,*,nil,N4,mid_spring,192,2014-05-20,0,*,192,(P),0.000,*,K,90,2014-04-09,(Na),0,*,Mg,12,2014-04-09,2014-05-16,2014-09-30,Hudson,28.100,8.960,*
2014,10,7,10\7,IV,N4,maize,oats,nil,0,*,nil,N4,mid_spring,192,2014-05-20,0,*,192,nil,0.000,*,nil,0,*,nil,0,*,nil,0,*,2014-05-16,2014-09-30,Hudson,23.500,2.790,*
2014,11,7,11\7,IV,N4PMg,maize,oats,nil,0,*,nil,N4,mid_spring,192,2014-05-20,0,*,192,P,35.000,2013-09-30,nil,0,*,nil,0,*,Mg,12,2014-04-09,2014-05-16,2014-09-30,Hudson,27.000,4.360,*
2014,12,7,12\7,IV,N1+3+1(P)KMg,maize,oats,nil,0,*,nil,N2+3,mid_&_late_spring,96,2014-05-20,144,2014-06-16,240,(P),0.000,*,K,90,2014-04-09,(Na*),0,*,Mg,12,2014-04-09,2014-05-16,2014-09-30,Hudson,32.200,11.110,*
2014,13,7,13\7,IV,N4PK,maize,oats,nil,0,*,nil,N4,mid_spring,192,2014-05-20,0,*,192,P,35.000,2013-09-30,K,90,2014-04-09,nil,0,*,nil,0,*,2014-05-16,2014-09-30,Hudson,28.400,9.580,*
2014,14,7,14\7,IV,N4PK*(Mg*),maize,oats,nil,0,*,nil,N4,mid_spring,192,2014-05-20,0,*,192,P,35.000,2013-09-30,K*,90,2013-09-30,nil,0,*,(Mg*),0,*,2014-05-16,2014-09-30,Hudson,35.100,11.330,*
2014,15,7,15\7,IV,N5(P)KMg,maize,oats,nil,0,*,nil,N5,mid_spring,240,2014-05-20,0,*,240,(P),0.000,*,K,90,2014-04-09,(Na),0,*,Mg,12,2014-04-09,2014-05-16,2014-09-30,Hudson,27.000,10.060,*
2014,16,7,16\7,IV,N6(P)KMg,maize,oats,nil,0,*,nil,N6,mid_spring,288,2014-05-20,0,*,288,(P),0.000,*,K,90,2014-04-09,(Na),0,*,Mg,12,2014-04-09,2014-05-16,2014-09-30,Hudson,26.900,8.590,*
2014,17,7,17\7,IV,N1+4+1 PKMg,maize,oats,nil,0,*,nil,N2+4,mid_&_late_spring,96,2014-05-20,192,2014-06-16,288,P,35.000,2013-09-30,K,90,2014-04-09,1/2 (Na),0,*,Mg,12,2014-04-09,2014-05-16,2014-09-30,Hudson,29.600,8.990,*
2014,18,7,18\7,IV,N1+2+1 PKMg,maize,oats,nil,0,*,nil,N2+2,mid_&_late_spring,96,2014-05-20,96,2014-06-16,192,P,35.000,2013-09-30,K,90,2014-04-09,1/2 (Na),0,*,Mg,12,2014-04-09,2014-05-16,2014-09-30,Hudson,29.800,8.980,*
2014,19,7,19\7,IV,N1+1+1 KMg,maize,oats,nil,0,*,nil,N2+1,mid_&_late_spring,96,2014-05-20,48,2014-06-16,144,nil,0.000,*,K,90,2014-04-09,nil,0,*,Mg,12,2014-04-09,2014-05-16,2014-09-30,Hudson,26.600,4.530,*
2015,1,4,1\4,III,(FYM) N4 ,maize,oats,(FYM),0,*,nil,N4,mid_spring,192,2015-05-08,0,*,192,nil,0.000,*,nil,0,*,nil,0,*,nil,0,*,2015-04-15,2015-09-21,Severus,25.000,14.310,*
2015,21,4,21\4,III,FYM N3,maize,oats,FYM,35,2014-10-03,nil,N3,mid_spring,144,2015-05-08,0,*,144,nil,0.000,*,nil,0,*,nil,0,*,nil,0,*,2015-04-15,2015-09-21,Severus,27.100,16.610,15
2015,22,4,22\4,III,FYM,maize,oats,FYM,35,2014-10-03,nil,nil,*,0,*,0,*,0,nil,0.000,*,nil,0,*,nil,0,*,nil,0,*,2015-04-15,2015-09-21,Severus,26.900,12.120,16
2015,3,4,3\4,III,Nil,maize,oats,nil,0,*,nil,nil,*,0,*,0,*,0,nil,0.000,*,nil,0,*,nil,0,*,nil,0,*,2015-04-15,2015-09-21,Severus,22.000,2.630,*
2015,5,4,5\4,III,(P)KMg,maize,oats,nil,0,*,nil,nil,*,0,*,0,*,0,(P),0.000,*,K,90,2015-04-16,(Na),0,*,Mg,12,2015-04-16,2015-04-15,2015-09-21,Severus,23.400,4.050,*
2015,6,4,6\4,III,N1(P)KMg,maize,oats,nil,0,*,nil,N1,mid_spring,48,2015-05-08,0,*,48,(P),0.000,*,K,90,2015-04-16,(Na),0,*,Mg,12,2015-04-16,2015-04-15,2015-09-21,Severus,23.400,7.130,*
2015,7,4,7\4,III,N2(P)KMg,maize,oats,nil,0,*,nil,N2,mid_spring,96,2015-05-08,0,*,96,(P),0.000,*,K,90,2015-04-16,(Na),0,*,Mg,12,2015-04-16,2015-04-15,2015-09-21,Severus,24.000,8.880,*
2015,8,4,8\4,III,N3(P)KMg,maize,oats,nil,0,*,nil,N3,mid_spring,144,2015-05-08,0,*,144,(P),0.000,*,K,90,2015-04-16,(Na),0,*,Mg,12,2015-04-16,2015-04-15,2015-09-21,Severus,21.600,10.850,*
2015,9,4,9\4,III,N4(P)KMg,maize,oats,nil,0,*,nil,N4,mid_spring,192,2015-05-08,0,*,192,(P),0.000,*,K,90,2015-04-16,(Na),0,*,Mg,12,2015-04-16,2015-04-15,2015-09-21,Severus,20.800,10.120,*
2015,10,4,10\4,III,N4,maize,oats,nil,0,*,nil,N4,mid_spring,192,2015-05-08,0,*,192,nil,0.000,*,nil,0,*,nil,0,*,nil,0,*,2015-04-15,2015-09-21,Severus,20.000,2.830,*
2015,11,4,11\4,III,N4PMg,maize,oats,nil,0,*,nil,N4,mid_spring,192,2015-05-08,0,*,192,P,35.000,2014-10-02,nil,0,*,nil,0,*,Mg,12,2015-04-16,2015-04-15,2015-09-21,Severus,21.000,7.710,*
2015,12,4,12\4,III,N1+3+1(P)KMg,maize,oats,nil,0,*,nil,N2+3,mid_&_late_spring,96,2015-05-08,144,2015-05-22,240,(P),0.000,*,K,90,2015-04-16,(Na*),0,*,Mg,12,2015-04-16,2015-04-15,2015-09-21,Severus,24.100,14.640,*
2015,13,4,13\4,III,N4PK,maize,oats,nil,0,*,nil,N4,mid_spring,192,2015-05-08,0,*,192,P,35.000,2014-10-02,K,90,2015-04-16,nil,0,*,nil,0,*,2015-04-15,2015-09-21,Severus,24.800,15.000,*
2015,14,4,14\4,III,N4PK*(Mg*),maize,oats,nil,0,*,nil,N4,mid_spring,192,2015-05-08,0,*,192,P,35.000,2014-10-02,K*,90,2014-10-02,nil,0,*,(Mg*),0,*,2015-04-15,2015-09-21,Severus,24.600,14.470,*
2015,15,4,15\4,III,N5(P)KMg,maize,oats,nil,0,*,nil,N5,mid_spring,240,2015-05-08,0,*,240,(P),0.000,*,K,90,2015-04-16,(Na),0,*,Mg,12,2015-04-16,2015-04-15,2015-09-21,Severus,22.800,13.150,*
2015,16,4,16\4,III,N6(P)KMg,maize,oats,nil,0,*,nil,N6,mid_spring,288,2015-05-08,0,*,288,(P),0.000,*,K,90,2015-04-16,(Na),0,*,Mg,12,2015-04-16,2015-04-15,2015-09-21,Severus,22.600,14.180,*
2015,17,4,17\4,III,N1+4+1 PKMg,maize,oats,nil,0,*,nil,N2+4,mid_&_late_spring,96,2015-05-08,192,2015-05-22,288,P,35.000,2014-10-02,K,90,2015-04-16,1/2 (Na),0,*,Mg,12,2015-04-16,2015-04-15,2015-09-21,Severus,22.700,12.350,*
2015,18,4,18\4,III,N1+2+1 PKMg,maize,oats,nil,0,*,nil,N2+2,mid_&_late_spring,96,2015-05-08,96,2015-05-22,192,P,35.000,2014-10-02,K,90,2015-04-16,1/2 (Na),0,*,Mg,12,2015-04-16,2015-04-15,2015-09-21,Severus,24.900,11.940,*
2015,19,4,19\4,III,N1+1+1 KMg,maize,oats,nil,0,*,nil,N2+1,mid_&_late_spring,96,2015-05-08,48,2015-05-22,144,nil,0.000,*,K,90,2015-04-16,nil,0,*,Mg,12,2015-04-16,2015-04-15,2015-09-21,Severus,19.200,5.100,*
2016,1,5,1\5,III,(FYM) N4 ,maize,oats,(FYM),0,*,nil,N4,mid_spring,192,2016-05-17,0,*,192,nil,0.000,*,nil,0,*,nil,0,*,nil,0,*,2016-05-05,2016-09-21,Severus,31.900,12.570,*
2016,21,5,21\5,III,FYM N3,maize,oats,FYM,35,2015-10-01,nil,N3,mid_spring,144,2016-05-17,0,*,144,nil,0.000,*,nil,0,*,nil,0,*,nil,0,*,2016-05-05,2016-09-21,Severus,30.100,9.430,15
2016,22,5,22\5,III,FYM,maize,oats,FYM,35,2015-10-01,nil,nil,*,0,*,0,*,0,nil,0.000,*,nil,0,*,nil,0,*,nil,0,*,2016-05-05,2016-09-21,Severus,36.300,8.660,16
2016,3,5,3\5,III,Nil,maize,oats,nil,0,*,nil,nil,*,0,*,0,*,0,nil,0.000,*,nil,0,*,nil,0,*,nil,0,*,2016-05-05,2016-09-21,Severus,24.100,0.800,*
2016,5,5,5\5,III,(P)KMg,maize,oats,nil,0,*,nil,nil,*,0,*,0,*,0,(P),0.000,*,K,90,2016-04-11,(Na),0,*,Mg,12,2016-03-13,2016-05-05,2016-09-21,Severus,29.100,2.330,*
2016,6,5,6\5,III,N1(P)KMg,maize,oats,nil,0,*,nil,N1,mid_spring,48,2016-05-17,0,*,48,(P),0.000,*,K,90,2016-04-11,(Na),0,*,Mg,12,2016-03-13,2016-05-05,2016-09-21,Severus,32.800,4.360,*
2016,7,5,7\5,III,N2(P)KMg,maize,oats,nil,0,*,nil,N2,mid_spring,96,2016-05-17,0,*,96,(P),0.000,*,K,90,2016-04-11,(Na),0,*,Mg,12,2016-03-13,2016-05-05,2016-09-21,Severus,32.000,4.950,*
2016,8,5,8\5,III,N3(P)KMg,maize,oats,nil,0,*,nil,N3,mid_spring,144,2016-05-17,0,*,144,(P),0.000,*,K,90,2016-04-11,(Na),0,*,Mg,12,2016-03-13,2016-05-05,2016-09-21,Severus,28.800,5.470,*
2016,9,5,9\5,III,N4(P)KMg,maize,oats,nil,0,*,nil,N4,mid_spring,192,2016-05-17,0,*,192,(P),0.000,*,K,90,2016-04-11,(Na),0,*,Mg,12,2016-03-13,2016-05-05,2016-09-21,Severus,31.500,5.400,*
2016,10,5,10\5,III,N4,maize,oats,nil,0,*,nil,N4,mid_spring,192,2016-05-17,0,*,192,nil,0.000,*,nil,0,*,nil,0,*,nil,0,*,2016-05-05,2016-09-21,Severus,21.800,3.800,*
2016,11,5,11\5,III,N4PMg,maize,oats,nil,0,*,nil,N4,mid_spring,192,2016-05-17,0,*,192,P,35.000,2015-10-01,nil,0,*,nil,0,*,Mg,12,2016-03-13,2016-05-05,2016-09-21,Severus,24.500,3.150,*
2016,12,5,12\5,III,N1+3+1(P)KMg,maize,oats,nil,0,*,nil,N2+3,mid_&_late_spring,96,2016-05-17,144,2016-06-07,240,(P),0.000,*,K,90,2016-04-11,(Na*),0,*,Mg,12,2016-03-13,2016-05-05,2016-09-21,Severus,27.400,5.740,*
2016,13,5,13\5,III,N4PK,maize,oats,nil,0,*,nil,N4,mid_spring,192,2016-05-17,0,*,192,P,35.000,2015-10-01,K,90,2016-04-11,nil,0,*,nil,0,*,2016-05-05,2016-09-21,Severus,28.400,6.820,*
2016,14,5,14\5,III,N4PK*(Mg*),maize,oats,nil,0,*,nil,N4,mid_spring,192,2016-05-17,0,*,192,P,35.000,2015-10-01,K*,90,2015-10-01,nil,0,*,(Mg*),0,*,2016-05-05,2016-09-21,Severus,32.900,7.290,*
2016,15,5,15\5,III,N5(P)KMg,maize,oats,nil,0,*,nil,N5,mid_spring,240,2016-05-17,0,*,240,(P),0.000,*,K,90,2016-04-11,(Na),0,*,Mg,12,2016-03-13,2016-05-05,2016-09-21,Severus,29.200,5.770,*
2016,16,5,16\5,III,N6(P)KMg,maize,oats,nil,0,*,nil,N6,mid_spring,288,2016-05-17,0,*,288,(P),0.000,*,K,90,2016-04-11,(Na),0,*,Mg,12,2016-03-13,2016-05-05,2016-09-21,Severus,29.400,6.020,*
2016,17,5,17\5,III,N1+4+1 PKMg,maize,oats,nil,0,*,nil,N2+4,mid_&_late_spring,96,2016-05-17,192,2016-06-07,288,P,35.000,2015-10-01,K,90,2016-04-11,1/2 (Na),0,*,Mg,12,2016-03-13,2016-05-05,2016-09-21,Severus,29.000,4.920,*
2016,18,5,18\5,III,N1+2+1 PKMg,maize,oats,nil,0,*,nil,N2+2,mid_&_late_spring,96,2016-05-17,96,2016-06-07,192,P,35.000,2015-10-01,K,90,2016-04-11,1/2 (Na),0,*,Mg,12,2016-03-13,2016-05-05,2016-09-21,Severus,33.400,7.890,*
2016,19,5,19\5,III,N1+1+1 KMg,maize,oats,nil,0,*,nil,N2+1,mid_&_late_spring,96,2016-05-17,48,2016-06-07,144,nil,0.000,*,K,90,2016-04-11,nil,0,*,Mg,12,2016-03-13,2016-05-05,2016-09-21,Severus,31.600,4.680,*
2017,1,3,1\3,II,(FYM) N4 ,maize,oats,(FYM),0,*,nil,N4,mid_spring,192,2017-05-08,0,*,192,nil,0.000,*,nil,0,*,nil,0,*,nil,0,*,2017-04-12,2017-09-14,Severus,27.500,11.020,*
2017,21,3,21\3,II,FYM N3,maize,oats,FYM,35,2016-09-27,nil,N3,mid_spring,144,2017-05-08,0,*,144,nil,0.000,*,nil,0,*,nil,0,*,nil,0,*,2017-04-12,2017-09-14,Severus,28.500,14.400,15
2017,22,3,22\3,II,FYM,maize,oats,FYM,35,2016-09-27,nil,nil,*,0,*,0,*,0,nil,0.000,*,nil,0,*,nil,0,*,nil,0,*,2017-04-12,2017-09-14,Severus,36.200,17.830,16
2017,3,3,3\3,II,Nil,maize,oats,nil,0,*,nil,nil,*,0,*,0,*,0,nil,0.000,*,nil,0,*,nil,0,*,nil,0,*,2017-04-12,2017-09-14,Severus,20.200,1.950,*
2017,5,3,5\3,II,(P)KMg,maize,oats,nil,0,*,nil,nil,*,0,*,0,*,0,(P),0.000,*,K,90,2017-03-29,(Na),0,*,Mg,12,2017-03-21,2017-04-12,2017-09-14,Severus,27.300,5.010,*
2017,6,3,6\3,II,N1(P)KMg,maize,oats,nil,0,*,nil,N1,mid_spring,48,2017-05-08,0,*,48,(P),0.000,*,K,90,2017-03-29,(Na),0,*,Mg,12,2017-03-21,2017-04-12,2017-09-14,Severus,28.500,8.700,*
2017,7,3,7\3,II,N2(P)KMg,maize,oats,nil,0,*,nil,N2,mid_spring,96,2017-05-08,0,*,96,(P),0.000,*,K,90,2017-03-29,(Na),0,*,Mg,12,2017-03-21,2017-04-12,2017-09-14,Severus,26.200,10.920,*
2017,8,3,8\3,II,N3(P)KMg,maize,oats,nil,0,*,nil,N3,mid_spring,144,2017-05-08,0,*,144,(P),0.000,*,K,90,2017-03-29,(Na),0,*,Mg,12,2017-03-21,2017-04-12,2017-09-14,Severus,23.700,11.170,*
2017,9,3,9\3,II,N4(P)KMg,maize,oats,nil,0,*,nil,N4,mid_spring,192,2017-05-08,0,*,192,(P),0.000,*,K,90,2017-03-29,(Na),0,*,Mg,12,2017-03-21,2017-04-12,2017-09-14,Severus,24.300,10.980,*
2017,10,3,10\3,II,N4,maize,oats,nil,0,*,nil,N4,mid_spring,192,2017-05-08,0,*,192,nil,0.000,*,nil,0,*,nil,0,*,nil,0,*,2017-04-12,2017-09-14,Severus,21.600,4.220,*
2017,11,3,11\3,II,N4PMg,maize,oats,nil,0,*,nil,N4,mid_spring,192,2017-05-08,0,*,192,P,35.000,2016-09-26,nil,0,*,nil,0,*,Mg,12,2017-03-21,2017-04-12,2017-09-14,Severus,22.000,6.490,*
2017,12,3,12\3,II,N1+3+1(P)KMg,maize,oats,nil,0,*,nil,N2+3,mid_&_late_spring,96,2017-05-08,144,2017-05-24,240,(P),0.000,*,K,90,2017-03-29,(Na*),0,*,Mg,12,2017-03-21,2017-04-12,2017-09-14,Severus,25.900,14.210,*
2017,13,3,13\3,II,N4PK,maize,oats,nil,0,*,nil,N4,mid_spring,192,2017-05-08,0,*,192,P,35.000,2016-09-26,K,90,2017-03-29,nil,0,*,nil,0,*,2017-04-12,2017-09-14,Severus,27.000,14.450,*
2017,14,3,14\3,II,N4PK*(Mg*),maize,oats,nil,0,*,nil,N4,mid_spring,192,2017-05-08,0,*,192,P,35.000,2016-09-26,K*,90,2016-09-26,nil,0,*,(Mg*),0,*,2017-04-12,2017-09-14,Severus,26.100,14.080,*
2017,15,3,15\3,II,N5(P)KMg,maize,oats,nil,0,*,nil,N5,mid_spring,240,2017-05-08,0,*,240,(P),0.000,*,K,90,2017-03-29,(Na),0,*,Mg,12,2017-03-21,2017-04-12,2017-09-14,Severus,24.800,12.890,*
2017,16,3,16\3,II,N6(P)KMg,maize,oats,nil,0,*,nil,N6,mid_spring,288,2017-05-08,0,*,288,(P),0.000,*,K,90,2017-03-29,(Na),0,*,Mg,12,2017-03-21,2017-04-12,2017-09-14,Severus,24.400,12.910,*
2017,17,3,17\3,II,N1+4+1 PKMg,maize,oats,nil,0,*,nil,N2+4,mid_&_late_spring,96,2017-05-08,192,2017-05-24,288,P,35.000,2016-09-26,K,90,2017-03-29,1/2 (Na),0,*,Mg,12,2017-03-21,2017-04-12,2017-09-14,Severus,25.100,10.790,*
2017,18,3,18\3,II,N1+2+1 PKMg,maize,oats,nil,0,*,nil,N2+2,mid_&_late_spring,96,2017-05-08,96,2017-05-24,192,P,35.000,2016-09-26,K,90,2017-03-29,1/2 (Na),0,*,Mg,12,2017-03-21,2017-04-12,2017-09-14,Severus,26.100,12.790,*
2017,19,3,19\3,II,N1+1+1 KMg,maize,oats,nil,0,*,nil,N2+1,mid_&_late_spring,96,2017-05-08,48,2017-05-24,144,nil,0.000,*,K,90,2017-03-29,nil,0,*,Mg,12,2017-03-21,2017-04-12,2017-09-14,Severus,23.300,7.200,*
